Workbook
Name BurndownDates: 'Burndown Chart'!$B$26:INDEX('Burndown Chart'!$B:$B,25+COUNT('Burndown Chart'!$A$26:$A$119))
Name BurndownRemaining: 'Burndown Chart'!$C$26:INDEX('Burndown Chart'!$C:$C,25+COUNT('Burndown Chart'!$A$26:$A$119))

Sheet Product Backlog
A1: Product Backlog
A4: Task # | B4: Sprint # | C4: Task description | D4: Status | E4: Maintainer | F4: Date added | G4: Date completed | H4: Hours to complete | I4: Work points assigned | J4: Sprint view key
A5: 1 | B5: 1 | C5: Basic webpage and repo setup | D5: Done | E5: chropic | F5: 46274 | G5: 46276 | H5: 0.5 | I5: 25 | J5: =IF(OR(B5="",C5=""),"",B5&"-"&COUNTIFS($B$5:B5,B5,$C$5:C5,"<>")) -> 1-1
A6: 2 | B6: 1 | C6: Actual web interface and demo features | D6: Done | E6: oogwaysprophecy732 | F6: 46274 | G6: 46281 | H6: 2 | I6: 55 | J6: =IF(OR(B6="",C6=""),"",B6&"-"&COUNTIFS($B$5:B6,B6,$C$5:C6,"<>")) -> 1-2
A7: 3 | B7: 1 | C7: Find client and update README | D7: Done | E7: chropic | F7: 46274 | G7: 46283 | H7: 1 | I7: 15 | J7: =IF(OR(B7="",C7=""),"",B7&"-"&COUNTIFS($B$5:B7,B7,$C$5:C7,"<>")) -> 1-3
A8: 4 | B8: 2 | C8: German language toggle | D8: Completed | E8: chropic | F8: 46288 | G8: 46293 | H8: 2.5 | I8: 45 | J8: =IF(OR(B8="",C8=""),"",B8&"-"&COUNTIFS($B$5:B8,B8,$C$5:C8,"<>")) -> 2-1
A9: 5 | B9: 2 | C9: Updated Search Feature (Frontend) | D9: Completed | E9: oogwaysprophecy732 | F9: 46288 | G9: 46288 | H9: 2 | I9: 45 | J9: =IF(OR(B9="",C9=""),"",B9&"-"&COUNTIFS($B$5:B9,B9,$C$5:C9,"<>")) -> 2-2
A10: 6 | B10: 2 | C10: Server-side RSS Feed | D10: Completed | E10: chropic | F10: 46288 | G10: 46295 | H10: 3 | I10: 50 | J10: =IF(OR(B10="",C10=""),"",B10&"-"&COUNTIFS($B$5:B10,B10,$C$5:C10,"<>")) -> 2-3
A11: 7 | B11: 3 | C11: Define bias detection-what does bias look like (research included) | D11: Completed | E11: chropic & oogwaysprophecy732 | F11: 46302 | G11: 46309 | H11: 2 | I11: 75 | J11: =IF(OR(B11="",C11=""),"",B11&"-"&COUNTIFS($B$5:B11,B11,$C$5:C11,"<>")) -> 3-1
A12: 8 | B12: 3 | C12: RSS Filtering | D12: Completed | E12: oogwaysprophecy732 | F12: 46302 | G12: 46309 | H12: 3 | I12: 50 | J12: =IF(OR(B12="",C12=""),"",B12&"-"&COUNTIFS($B$5:B12,B12,$C$5:C12,"<>")) -> 3-2
A13: 9 | B13: 3 | C13: Updated UI | D13: Completed | E13: chropic | F13: 46302 | G13: 46304 | H13: 1.5 | I13: 35 | J13: =IF(OR(B13="",C13=""),"",B13&"-"&COUNTIFS($B$5:B13,B13,$C$5:C13,"<>")) -> 3-3
C14: Prototype bias detection model | D14: Backlog | I14: 150 | J14: =IF(OR(B14="",C14=""),"",B14&"-"&COUNTIFS($B$5:B14,B14,$C$5:C14,"<>"))
C15: Stable increment of bias detection model | D15: Backlog | I15: 200 | J15: =IF(OR(B15="",C15=""),"",B15&"-"&COUNTIFS($B$5:B15,B15,$C$5:C15,"<>"))
C16: Implement bias detection model into search feature | D16: Backlog | I16: 150 | J16: =IF(OR(B16="",C16=""),"",B16&"-"&COUNTIFS($B$5:B16,B16,$C$5:C16,"<>"))
C17: Better UX with distinct language (close to/final sprint) | D17: Backlog | I17: 50 | J17: =IF(OR(B17="",C17=""),"",B17&"-"&COUNTIFS($B$5:B17,B17,$C$5:C17,"<>"))
C18: Fine tune Docker container performance options, resource limits, security hardenings. | D18: Backlog | I18: 10 | J18: =IF(OR(B18="",C18=""),"",B18&"-"&COUNTIFS($B$5:B18,B18,$C$5:C18,"<>"))
C19: Server-side optimizations and hardenings | D19: Backlog | I19: 35 | J19: =IF(OR(B19="",C19=""),"",B19&"-"&COUNTIFS($B$5:B19,B19,$C$5:C19,"<>"))
C20: Website name and branding(?) | D20: Backlog | I20: 15 | J20: =IF(OR(B20="",C20=""),"",B20&"-"&COUNTIFS($B$5:B20,B20,$C$5:C20,"<>"))
J21: =IF(OR(B21="",C21=""),"",B21&"-"&COUNTIFS($B$5:B21,B21,$C$5:C21,"<>"))
J22: =IF(OR(B22="",C22=""),"",B22&"-"&COUNTIFS($B$5:B22,B22,$C$5:C22,"<>"))
J23: =IF(OR(B23="",C23=""),"",B23&"-"&COUNTIFS($B$5:B23,B23,$C$5:C23,"<>"))
J24: =IF(OR(B24="",C24=""),"",B24&"-"&COUNTIFS($B$5:B24,B24,$C$5:C24,"<>"))
J25: =IF(OR(B25="",C25=""),"",B25&"-"&COUNTIFS($B$5:B25,B25,$C$5:C25,"<>"))
J26: =IF(OR(B26="",C26=""),"",B26&"-"&COUNTIFS($B$5:B26,B26,$C$5:C26,"<>"))
J27: =IF(OR(B27="",C27=""),"",B27&"-"&COUNTIFS($B$5:B27,B27,$C$5:C27,"<>"))
J28: =IF(OR(B28="",C28=""),"",B28&"-"&COUNTIFS($B$5:B28,B28,$C$5:C28,"<>"))
J29: =IF(OR(B29="",C29=""),"",B29&"-"&COUNTIFS($B$5:B29,B29,$C$5:C29,"<>"))
J30: =IF(OR(B30="",C30=""),"",B30&"-"&COUNTIFS($B$5:B30,B30,$C$5:C30,"<>"))
J31: =IF(OR(B31="",C31=""),"",B31&"-"&COUNTIFS($B$5:B31,B31,$C$5:C31,"<>"))
J32: =IF(OR(B32="",C32=""),"",B32&"-"&COUNTIFS($B$5:B32,B32,$C$5:C32,"<>"))
... J504: =IF(OR(B504="",C504=""),"",B504&"-"&COUNTIFS($B$5:B504,B504,$C$5:C504,"<>"))

Sheet Burndown Chart
A1: Project Burndown | Sprints 1–6 | B1: Project Burndown | Sprints 1–6 | C1: Project Burndown | Sprints 1–6 | D1: Project Burndown | Sprints 1–6 | E1: Project Burndown | Sprints 1–6 | F1: Project Burndown | Sprints 1–6 | G1: Project Burndown | Sprints 1–6 | H1: Project Burndown | Sprints 1–6 | I1: Project Burndown | Sprints 1–6 | J1: Project Burndown | Sprints 1–6 | K1: Project Burndown | Sprints 1–6 | L1: Project Burndown | Sprints 1–6 | M1: Project Burndown | Sprints 1–6
A2: Remaining work units are calculated from Product Backlog completion dates and work points. The chart stops at the latest qualifying completion date.
K4: Sprint | L4: Start date | M4: End date
K5: 1 | L5: ='Sprint 1'!$E$4 -> 46274 | M5: ='Sprint 1'!$H$4 -> 46283
K6: 2 | L6: ='Sprint 2'!$E$4 -> 46288 | M6: ='Sprint 2'!$H$4 -> 46297
K7: 3 | L7: ='Sprint 3'!$E$4 -> 46302 | M7: ='Sprint 3'!$H$4 -> 46311
K8: 4 | L8: ='Sprint 4'!$E$4 -> 46316 | M8: ='Sprint 4'!$H$4 -> 46325
K9: 5 | L9: ='Sprint 5'!$E$4 -> 46330 | M9: ='Sprint 5'!$H$4 -> 46339
K10: 6 | L10: ='Sprint 6'!$E$4 -> 46344 | M10: ='Sprint 6'!$H$4 -> 46358
K13: Starting work units | L13: 1000
K14: All work points assigned | L14: =SUM('Product Backlog'!$I$5:$I$504) -> 1005
K15: Completed points recorded | L15: =SUMIFS('Product Backlog'!$I$5:$I$504,'Product Backlog'!$G$5:$G$504,">0",'Product Backlog'!$I$5:$I$504,">0") -> 395
K16: Remaining work units now | L16: =MAX(0,L13-L15) -> 605
K17: Chart through | L17: =IF(COUNTIFS('Product Backlog'!$G$5:$G$504,">0",'Product Backlog'!$I$5:$I$504,">=0",'Product Backlog'!$I$5:$I$504,"<>")=0,'Sprint 1'!$E$4,MAX(_xlfn._xlws.FILTER('Product Backlog'!$G$5:$G$504,('Product Backlog'!$G$5:$G$504>0)*('Product Backlog'!$I$5:$I$504>=0)*('Product Backlog'!$I$5:$I$504<>""),'Sprint 1'!$E$4))) -> 46309
A25: Date | B25: Sprint or completion label | C25: Remaining work units | D25: Completed work points | P25: Sprint / completed date | Q25: Remaining work units | R25: Ideal remaining work units
A26: =$L$5+0 -> 46274 | B26: =IF(A26=$L$5,"Sprint 1 ("&TEXT(A26,"m/d")&")",IF(A26=$L$6,"Sprint 2 ("&TEXT(A26,"m/d")&")",IF(A26=$L$7,"Sprint 3 ("&TEXT(A26,"m/d")&")",IF(A26=$L$8,"Sprint 4 ("&TEXT(A26,"m/d")&")",IF(A26=$L$9,"Sprint 5 ("&TEXT(A26,"m/d")&")",IF(A26=$L$10,"Sprint 6 ("&TEXT(A26,"m/d")&")",IF(A26=$M$10,"Sprint 6 end ("&TEXT(A26,"m/d")&")",IF(D26>0,TEXT(A26,"m/d")," ")))))))) -> Sprint 1 (9/9) | C26: =MAX(0,$L$13-SUMIFS('Product Backlog'!$I$5:$I$504,'Product Backlog'!$G$5:$G$504,"<="&A26,'Product Backlog'!$G$5:$G$504,">0",'Product Backlog'!$I$5:$I$504,">0")) -> 1000 | D26: =SUMIFS('Product Backlog'!$I$5:$I$504,'Product Backlog'!$G$5:$G$504,A26,'Product Backlog'!$G$5:$G$504,">0",'Product Backlog'!$I$5:$I$504,">0") -> 0 | E26: =MAX(0,MIN($L$13,$L$13*($M$10-A26)/($M$10-$L$5))) -> 1000 | P26: =B26 -> Sprint 1 (9/9) | Q26: =C26 -> 1000 | R26: =E26 -> 1000
A27: =$L$5+1 -> 46275 | B27: =IF(A27=$L$5,"Sprint 1 ("&TEXT(A27,"m/d")&")",IF(A27=$L$6,"Sprint 2 ("&TEXT(A27,"m/d")&")",IF(A27=$L$7,"Sprint 3 ("&TEXT(A27,"m/d")&")",IF(A27=$L$8,"Sprint 4 ("&TEXT(A27,"m/d")&")",IF(A27=$L$9,"Sprint 5 ("&TEXT(A27,"m/d")&")",IF(A27=$L$10,"Sprint 6 ("&TEXT(A27,"m/d")&")",IF(A27=$M$10,"Sprint 6 end ("&TEXT(A27,"m/d")&")",IF(D27>0,TEXT(A27,"m/d")," ")))))))) | C27: =MAX(0,$L$13-SUMIFS('Product Backlog'!$I$5:$I$504,'Product Backlog'!$G$5:$G$504,"<="&A27,'Product Backlog'!$G$5:$G$504,">0",'Product Backlog'!$I$5:$I$504,">0")) -> 1000 | D27: =SUMIFS('Product Backlog'!$I$5:$I$504,'Product Backlog'!$G$5:$G$504,A27,'Product Backlog'!$G$5:$G$504,">0",'Product Backlog'!$I$5:$I$504,">0") -> 0 | E27: =MAX(0,MIN($L$13,$L$13*($M$10-A27)/($M$10-$L$5))) -> 988.09524 | P27: =B27 | Q27: =C27 -> 1000 | R27: =E27 -> 988.09524
A28: =$L$5+2 -> 46276 | B28: =IF(A28=$L$5,"Sprint 1 ("&TEXT(A28,"m/d")&")",IF(A28=$L$6,"Sprint 2 ("&TEXT(A28,"m/d")&")",IF(A28=$L$7,"Sprint 3 ("&TEXT(A28,"m/d")&")",IF(A28=$L$8,"Sprint 4 ("&TEXT(A28,"m/d")&")",IF(A28=$L$9,"Sprint 5 ("&TEXT(A28,"m/d")&")",IF(A28=$L$10,"Sprint 6 ("&TEXT(A28,"m/d")&")",IF(A28=$M$10,"Sprint 6 end ("&TEXT(A28,"m/d")&")",IF(D28>0,TEXT(A28,"m/d")," ")))))))) -> 9/11 | C28: =MAX(0,$L$13-SUMIFS('Product Backlog'!$I$5:$I$504,'Product Backlog'!$G$5:$G$504,"<="&A28,'Product Backlog'!$G$5:$G$504,">0",'Product Backlog'!$I$5:$I$504,">0")) -> 975 | D28: =SUMIFS('Product Backlog'!$I$5:$I$504,'Product Backlog'!$G$5:$G$504,A28,'Product Backlog'!$G$5:$G$504,">0",'Product Backlog'!$I$5:$I$504,">0") -> 25 | E28: =MAX(0,MIN($L$13,$L$13*($M$10-A28)/($M$10-$L$5))) -> 976.19048 | P28: =B28 -> 9/11 | Q28: =C28 -> 975 | R28: =E28 -> 976.19048
A29: =$L$5+3 -> 46277 | B29: =IF(A29=$L$5,"Sprint 1 ("&TEXT(A29,"m/d")&")",IF(A29=$L$6,"Sprint 2 ("&TEXT(A29,"m/d")&")",IF(A29=$L$7,"Sprint 3 ("&TEXT(A29,"m/d")&")",IF(A29=$L$8,"Sprint 4 ("&TEXT(A29,"m/d")&")",IF(A29=$L$9,"Sprint 5 ("&TEXT(A29,"m/d")&")",IF(A29=$L$10,"Sprint 6 ("&TEXT(A29,"m/d")&")",IF(A29=$M$10,"Sprint 6 end ("&TEXT(A29,"m/d")&")",IF(D29>0,TEXT(A29,"m/d")," ")))))))) | C29: =MAX(0,$L$13-SUMIFS('Product Backlog'!$I$5:$I$504,'Product Backlog'!$G$5:$G$504,"<="&A29,'Product Backlog'!$G$5:$G$504,">0",'Product Backlog'!$I$5:$I$504,">0")) -> 975 | D29: =SUMIFS('Product Backlog'!$I$5:$I$504,'Product Backlog'!$G$5:$G$504,A29,'Product Backlog'!$G$5:$G$504,">0",'Product Backlog'!$I$5:$I$504,">0") -> 0 | E29: =MAX(0,MIN($L$13,$L$13*($M$10-A29)/($M$10-$L$5))) -> 964.28571 | P29: =B29 | Q29: =C29 -> 975 | R29: =E29 -> 964.28571
A30: =$L$5+4 -> 46278 | B30: =IF(A30=$L$5,"Sprint 1 ("&TEXT(A30,"m/d")&")",IF(A30=$L$6,"Sprint 2 ("&TEXT(A30,"m/d")&")",IF(A30=$L$7,"Sprint 3 ("&TEXT(A30,"m/d")&")",IF(A30=$L$8,"Sprint 4 ("&TEXT(A30,"m/d")&")",IF(A30=$L$9,"Sprint 5 ("&TEXT(A30,"m/d")&")",IF(A30=$L$10,"Sprint 6 ("&TEXT(A30,"m/d")&")",IF(A30=$M$10,"Sprint 6 end ("&TEXT(A30,"m/d")&")",IF(D30>0,TEXT(A30,"m/d")," ")))))))) | C30: =MAX(0,$L$13-SUMIFS('Product Backlog'!$I$5:$I$504,'Product Backlog'!$G$5:$G$504,"<="&A30,'Product Backlog'!$G$5:$G$504,">0",'Product Backlog'!$I$5:$I$504,">0")) -> 975 | D30: =SUMIFS('Product Backlog'!$I$5:$I$504,'Product Backlog'!$G$5:$G$504,A30,'Product Backlog'!$G$5:$G$504,">0",'Product Backlog'!$I$5:$I$504,">0") -> 0 | E30: =MAX(0,MIN($L$13,$L$13*($M$10-A30)/($M$10-$L$5))) -> 952.38095 | P30: =B30 | Q30: =C30 -> 975 | R30: =E30 -> 952.38095
A31: =$L$5+5 -> 46279 | B31: =IF(A31=$L$5,"Sprint 1 ("&TEXT(A31,"m/d")&")",IF(A31=$L$6,"Sprint 2 ("&TEXT(A31,"m/d")&")",IF(A31=$L$7,"Sprint 3 ("&TEXT(A31,"m/d")&")",IF(A31=$L$8,"Sprint 4 ("&TEXT(A31,"m/d")&")",IF(A31=$L$9,"Sprint 5 ("&TEXT(A31,"m/d")&")",IF(A31=$L$10,"Sprint 6 ("&TEXT(A31,"m/d")&")",IF(A31=$M$10,"Sprint 6 end ("&TEXT(A31,"m/d")&")",IF(D31>0,TEXT(A31,"m/d")," ")))))))) | C31: =MAX(0,$L$13-SUMIFS('Product Backlog'!$I$5:$I$504,'Product Backlog'!$G$5:$G$504,"<="&A31,'Product Backlog'!$G$5:$G$504,">0",'Product Backlog'!$I$5:$I$504,">0")) -> 975 | D31: =SUMIFS('Product Backlog'!$I$5:$I$504,'Product Backlog'!$G$5:$G$504,A31,'Product Backlog'!$G$5:$G$504,">0",'Product Backlog'!$I$5:$I$504,">0") -> 0 | E31: =MAX(0,MIN($L$13,$L$13*($M$10-A31)/($M$10-$L$5))) -> 940.47619 | P31: =B31 | Q31: =C31 -> 975 | R31: =E31 -> 940.47619
A32: =$L$5+6 -> 46280 | B32: =IF(A32=$L$5,"Sprint 1 ("&TEXT(A32,"m/d")&")",IF(A32=$L$6,"Sprint 2 ("&TEXT(A32,"m/d")&")",IF(A32=$L$7,"Sprint 3 ("&TEXT(A32,"m/d")&")",IF(A32=$L$8,"Sprint 4 ("&TEXT(A32,"m/d")&")",IF(A32=$L$9,"Sprint 5 ("&TEXT(A32,"m/d")&")",IF(A32=$L$10,"Sprint 6 ("&TEXT(A32,"m/d")&")",IF(A32=$M$10,"Sprint 6 end ("&TEXT(A32,"m/d")&")",IF(D32>0,TEXT(A32,"m/d")," ")))))))) | C32: =MAX(0,$L$13-SUMIFS('Product Backlog'!$I$5:$I$504,'Product Backlog'!$G$5:$G$504,"<="&A32,'Product Backlog'!$G$5:$G$504,">0",'Product Backlog'!$I$5:$I$504,">0")) -> 975 | D32: =SUMIFS('Product Backlog'!$I$5:$I$504,'Product Backlog'!$G$5:$G$504,A32,'Product Backlog'!$G$5:$G$504,">0",'Product Backlog'!$I$5:$I$504,">0") -> 0 | E32: =MAX(0,MIN($L$13,$L$13*($M$10-A32)/($M$10-$L$5))) -> 928.57143 | P32: =B32 | Q32: =C32 -> 975 | R32: =E32 -> 928.57143
A33: =$L$5+7 -> 46281 | B33: =IF(A33=$L$5,"Sprint 1 ("&TEXT(A33,"m/d")&")",IF(A33=$L$6,"Sprint 2 ("&TEXT(A33,"m/d")&")",IF(A33=$L$7,"Sprint 3 ("&TEXT(A33,"m/d")&")",IF(A33=$L$8,"Sprint 4 ("&TEXT(A33,"m/d")&")",IF(A33=$L$9,"Sprint 5 ("&TEXT(A33,"m/d")&")",IF(A33=$L$10,"Sprint 6 ("&TEXT(A33,"m/d")&")",IF(A33=$M$10,"Sprint 6 end ("&TEXT(A33,"m/d")&")",IF(D33>0,TEXT(A33,"m/d")," ")))))))) -> 9/16 | C33: =MAX(0,$L$13-SUMIFS('Product Backlog'!$I$5:$I$504,'Product Backlog'!$G$5:$G$504,"<="&A33,'Product Backlog'!$G$5:$G$504,">0",'Product Backlog'!$I$5:$I$504,">0")) -> 920 | D33: =SUMIFS('Product Backlog'!$I$5:$I$504,'Product Backlog'!$G$5:$G$504,A33,'Product Backlog'!$G$5:$G$504,">0",'Product Backlog'!$I$5:$I$504,">0") -> 55 | E33: =MAX(0,MIN($L$13,$L$13*($M$10-A33)/($M$10-$L$5))) -> 916.66667 | P33: =B33 -> 9/16 | Q33: =C33 -> 920 | R33: =E33 -> 916.66667
A34: =$L$5+8 -> 46282 | B34: =IF(A34=$L$5,"Sprint 1 ("&TEXT(A34,"m/d")&")",IF(A34=$L$6,"Sprint 2 ("&TEXT(A34,"m/d")&")",IF(A34=$L$7,"Sprint 3 ("&TEXT(A34,"m/d")&")",IF(A34=$L$8,"Sprint 4 ("&TEXT(A34,"m/d")&")",IF(A34=$L$9,"Sprint 5 ("&TEXT(A34,"m/d")&")",IF(A34=$L$10,"Sprint 6 ("&TEXT(A34,"m/d")&")",IF(A34=$M$10,"Sprint 6 end ("&TEXT(A34,"m/d")&")",IF(D34>0,TEXT(A34,"m/d")," ")))))))) | C34: =MAX(0,$L$13-SUMIFS('Product Backlog'!$I$5:$I$504,'Product Backlog'!$G$5:$G$504,"<="&A34,'Product Backlog'!$G$5:$G$504,">0",'Product Backlog'!$I$5:$I$504,">0")) -> 920 | D34: =SUMIFS('Product Backlog'!$I$5:$I$504,'Product Backlog'!$G$5:$G$504,A34,'Product Backlog'!$G$5:$G$504,">0",'Product Backlog'!$I$5:$I$504,">0") -> 0 | E34: =MAX(0,MIN($L$13,$L$13*($M$10-A34)/($M$10-$L$5))) -> 904.7619 | P34: =B34 | Q34: =C34 -> 920 | R34: =E34 -> 904.7619
A35: =$L$5+9 -> 46283 | B35: =IF(A35=$L$5,"Sprint 1 ("&TEXT(A35,"m/d")&")",IF(A35=$L$6,"Sprint 2 ("&TEXT(A35,"m/d")&")",IF(A35=$L$7,"Sprint 3 ("&TEXT(A35,"m/d")&")",IF(A35=$L$8,"Sprint 4 ("&TEXT(A35,"m/d")&")",IF(A35=$L$9,"Sprint 5 ("&TEXT(A35,"m/d")&")",IF(A35=$L$10,"Sprint 6 ("&TEXT(A35,"m/d")&")",IF(A35=$M$10,"Sprint 6 end ("&TEXT(A35,"m/d")&")",IF(D35>0,TEXT(A35,"m/d")," ")))))))) -> 9/18 | C35: =MAX(0,$L$13-SUMIFS('Product Backlog'!$I$5:$I$504,'Product Backlog'!$G$5:$G$504,"<="&A35,'Product Backlog'!$G$5:$G$504,">0",'Product Backlog'!$I$5:$I$504,">0")) -> 905 | D35: =SUMIFS('Product Backlog'!$I$5:$I$504,'Product Backlog'!$G$5:$G$504,A35,'Product Backlog'!$G$5:$G$504,">0",'Product Backlog'!$I$5:$I$504,">0") -> 15 | E35: =MAX(0,MIN($L$13,$L$13*($M$10-A35)/($M$10-$L$5))) -> 892.85714 | P35: =B35 -> 9/18 | Q35: =C35 -> 905 | R35: =E35 -> 892.85714
A36: =$L$5+10 -> 46284 | B36: =IF(A36=$L$5,"Sprint 1 ("&TEXT(A36,"m/d")&")",IF(A36=$L$6,"Sprint 2 ("&TEXT(A36,"m/d")&")",IF(A36=$L$7,"Sprint 3 ("&TEXT(A36,"m/d")&")",IF(A36=$L$8,"Sprint 4 ("&TEXT(A36,"m/d")&")",IF(A36=$L$9,"Sprint 5 ("&TEXT(A36,"m/d")&")",IF(A36=$L$10,"Sprint 6 ("&TEXT(A36,"m/d")&")",IF(A36=$M$10,"Sprint 6 end ("&TEXT(A36,"m/d")&")",IF(D36>0,TEXT(A36,"m/d")," ")))))))) | C36: =MAX(0,$L$13-SUMIFS('Product Backlog'!$I$5:$I$504,'Product Backlog'!$G$5:$G$504,"<="&A36,'Product Backlog'!$G$5:$G$504,">0",'Product Backlog'!$I$5:$I$504,">0")) -> 905 | D36: =SUMIFS('Product Backlog'!$I$5:$I$504,'Product Backlog'!$G$5:$G$504,A36,'Product Backlog'!$G$5:$G$504,">0",'Product Backlog'!$I$5:$I$504,">0") -> 0 | E36: =MAX(0,MIN($L$13,$L$13*($M$10-A36)/($M$10-$L$5))) -> 880.95238 | P36: =B36 | Q36: =C36 -> 905 | R36: =E36 -> 880.95238
A37: =$L$5+11 -> 46285 | B37: =IF(A37=$L$5,"Sprint 1 ("&TEXT(A37,"m/d")&")",IF(A37=$L$6,"Sprint 2 ("&TEXT(A37,"m/d")&")",IF(A37=$L$7,"Sprint 3 ("&TEXT(A37,"m/d")&")",IF(A37=$L$8,"Sprint 4 ("&TEXT(A37,"m/d")&")",IF(A37=$L$9,"Sprint 5 ("&TEXT(A37,"m/d")&")",IF(A37=$L$10,"Sprint 6 ("&TEXT(A37,"m/d")&")",IF(A37=$M$10,"Sprint 6 end ("&TEXT(A37,"m/d")&")",IF(D37>0,TEXT(A37,"m/d")," ")))))))) | C37: =MAX(0,$L$13-SUMIFS('Product Backlog'!$I$5:$I$504,'Product Backlog'!$G$5:$G$504,"<="&A37,'Product Backlog'!$G$5:$G$504,">0",'Product Backlog'!$I$5:$I$504,">0")) -> 905 | D37: =SUMIFS('Product Backlog'!$I$5:$I$504,'Product Backlog'!$G$5:$G$504,A37,'Product Backlog'!$G$5:$G$504,">0",'Product Backlog'!$I$5:$I$504,">0") -> 0 | E37: =MAX(0,MIN($L$13,$L$13*($M$10-A37)/($M$10-$L$5))) -> 869.04762 | P37: =B37 | Q37: =C37 -> 905 | R37: =E37 -> 869.04762
A38: =$L$5+12 -> 46286 | B38: =IF(A38=$L$5,"Sprint 1 ("&TEXT(A38,"m/d")&")",IF(A38=$L$6,"Sprint 2 ("&TEXT(A38,"m/d")&")",IF(A38=$L$7,"Sprint 3 ("&TEXT(A38,"m/d")&")",IF(A38=$L$8,"Sprint 4 ("&TEXT(A38,"m/d")&")",IF(A38=$L$9,"Sprint 5 ("&TEXT(A38,"m/d")&")",IF(A38=$L$10,"Sprint 6 ("&TEXT(A38,"m/d")&")",IF(A38=$M$10,"Sprint 6 end ("&TEXT(A38,"m/d")&")",IF(D38>0,TEXT(A38,"m/d")," ")))))))) | C38: =MAX(0,$L$13-SUMIFS('Product Backlog'!$I$5:$I$504,'Product Backlog'!$G$5:$G$504,"<="&A38,'Product Backlog'!$G$5:$G$504,">0",'Product Backlog'!$I$5:$I$504,">0")) -> 905 | D38: =SUMIFS('Product Backlog'!$I$5:$I$504,'Product Backlog'!$G$5:$G$504,A38,'Product Backlog'!$G$5:$G$504,">0",'Product Backlog'!$I$5:$I$504,">0") -> 0 | E38: =MAX(0,MIN($L$13,$L$13*($M$10-A38)/($M$10-$L$5))) -> 857.14286 | P38: =B38 | Q38: =C38 -> 905 | R38: =E38 -> 857.14286
A39: =$L$5+13 -> 46287 | B39: =IF(A39=$L$5,"Sprint 1 ("&TEXT(A39,"m/d")&")",IF(A39=$L$6,"Sprint 2 ("&TEXT(A39,"m/d")&")",IF(A39=$L$7,"Sprint 3 ("&TEXT(A39,"m/d")&")",IF(A39=$L$8,"Sprint 4 ("&TEXT(A39,"m/d")&")",IF(A39=$L$9,"Sprint 5 ("&TEXT(A39,"m/d")&")",IF(A39=$L$10,"Sprint 6 ("&TEXT(A39,"m/d")&")",IF(A39=$M$10,"Sprint 6 end ("&TEXT(A39,"m/d")&")",IF(D39>0,TEXT(A39,"m/d")," ")))))))) | C39: =MAX(0,$L$13-SUMIFS('Product Backlog'!$I$5:$I$504,'Product Backlog'!$G$5:$G$504,"<="&A39,'Product Backlog'!$G$5:$G$504,">0",'Product Backlog'!$I$5:$I$504,">0")) -> 905 | D39: =SUMIFS('Product Backlog'!$I$5:$I$504,'Product Backlog'!$G$5:$G$504,A39,'Product Backlog'!$G$5:$G$504,">0",'Product Backlog'!$I$5:$I$504,">0") -> 0 | E39: =MAX(0,MIN($L$13,$L$13*($M$10-A39)/($M$10-$L$5))) -> 845.2381 | P39: =B39 | Q39: =C39 -> 905 | R39: =E39 -> 845.2381
A40: =$L$5+14 -> 46288 | B40: =IF(A40=$L$5,"Sprint 1 ("&TEXT(A40,"m/d")&")",IF(A40=$L$6,"Sprint 2 ("&TEXT(A40,"m/d")&")",IF(A40=$L$7,"Sprint 3 ("&TEXT(A40,"m/d")&")",IF(A40=$L$8,"Sprint 4 ("&TEXT(A40,"m/d")&")",IF(A40=$L$9,"Sprint 5 ("&TEXT(A40,"m/d")&")",IF(A40=$L$10,"Sprint 6 ("&TEXT(A40,"m/d")&")",IF(A40=$M$10,"Sprint 6 end ("&TEXT(A40,"m/d")&")",IF(D40>0,TEXT(A40,"m/d")," ")))))))) -> Sprint 2 (9/23) | C40: =MAX(0,$L$13-SUMIFS('Product Backlog'!$I$5:$I$504,'Product Backlog'!$G$5:$G$504,"<="&A40,'Product Backlog'!$G$5:$G$504,">0",'Product Backlog'!$I$5:$I$504,">0")) -> 860 | D40: =SUMIFS('Product Backlog'!$I$5:$I$504,'Product Backlog'!$G$5:$G$504,A40,'Product Backlog'!$G$5:$G$504,">0",'Product Backlog'!$I$5:$I$504,">0") -> 45 | E40: =MAX(0,MIN($L$13,$L$13*($M$10-A40)/($M$10-$L$5))) -> 833.33333 | P40: =B40 -> Sprint 2 (9/23) | Q40: =C40 -> 860 | R40: =E40 -> 833.33333
A41: =$L$5+15 -> 46289 | B41: =IF(A41=$L$5,"Sprint 1 ("&TEXT(A41,"m/d")&")",IF(A41=$L$6,"Sprint 2 ("&TEXT(A41,"m/d")&")",IF(A41=$L$7,"Sprint 3 ("&TEXT(A41,"m/d")&")",IF(A41=$L$8,"Sprint 4 ("&TEXT(A41,"m/d")&")",IF(A41=$L$9,"Sprint 5 ("&TEXT(A41,"m/d")&")",IF(A41=$L$10,"Sprint 6 ("&TEXT(A41,"m/d")&")",IF(A41=$M$10,"Sprint 6 end ("&TEXT(A41,"m/d")&")",IF(D41>0,TEXT(A41,"m/d")," ")))))))) | C41: =MAX(0,$L$13-SUMIFS('Product Backlog'!$I$5:$I$504,'Product Backlog'!$G$5:$G$504,"<="&A41,'Product Backlog'!$G$5:$G$504,">0",'Product Backlog'!$I$5:$I$504,">0")) -> 860 | D41: =SUMIFS('Product Backlog'!$I$5:$I$504,'Product Backlog'!$G$5:$G$504,A41,'Product Backlog'!$G$5:$G$504,">0",'Product Backlog'!$I$5:$I$504,">0") -> 0 | E41: =MAX(0,MIN($L$13,$L$13*($M$10-A41)/($M$10-$L$5))) -> 821.42857 | P41: =B41 | Q41: =C41 -> 860 | R41: =E41 -> 821.42857
A42: =$L$5+16 -> 46290 | B42: =IF(A42=$L$5,"Sprint 1 ("&TEXT(A42,"m/d")&")",IF(A42=$L$6,"Sprint 2 ("&TEXT(A42,"m/d")&")",IF(A42=$L$7,"Sprint 3 ("&TEXT(A42,"m/d")&")",IF(A42=$L$8,"Sprint 4 ("&TEXT(A42,"m/d")&")",IF(A42=$L$9,"Sprint 5 ("&TEXT(A42,"m/d")&")",IF(A42=$L$10,"Sprint 6 ("&TEXT(A42,"m/d")&")",IF(A42=$M$10,"Sprint 6 end ("&TEXT(A42,"m/d")&")",IF(D42>0,TEXT(A42,"m/d")," ")))))))) | C42: =MAX(0,$L$13-SUMIFS('Product Backlog'!$I$5:$I$504,'Product Backlog'!$G$5:$G$504,"<="&A42,'Product Backlog'!$G$5:$G$504,">0",'Product Backlog'!$I$5:$I$504,">0")) -> 860 | D42: =SUMIFS('Product Backlog'!$I$5:$I$504,'Product Backlog'!$G$5:$G$504,A42,'Product Backlog'!$G$5:$G$504,">0",'Product Backlog'!$I$5:$I$504,">0") -> 0 | E42: =MAX(0,MIN($L$13,$L$13*($M$10-A42)/($M$10-$L$5))) -> 809.52381 | P42: =B42 | Q42: =C42 -> 860 | R42: =E42 -> 809.52381
A43: =$L$5+17 -> 46291 | B43: =IF(A43=$L$5,"Sprint 1 ("&TEXT(A43,"m/d")&")",IF(A43=$L$6,"Sprint 2 ("&TEXT(A43,"m/d")&")",IF(A43=$L$7,"Sprint 3 ("&TEXT(A43,"m/d")&")",IF(A43=$L$8,"Sprint 4 ("&TEXT(A43,"m/d")&")",IF(A43=$L$9,"Sprint 5 ("&TEXT(A43,"m/d")&")",IF(A43=$L$10,"Sprint 6 ("&TEXT(A43,"m/d")&")",IF(A43=$M$10,"Sprint 6 end ("&TEXT(A43,"m/d")&")",IF(D43>0,TEXT(A43,"m/d")," ")))))))) | C43: =MAX(0,$L$13-SUMIFS('Product Backlog'!$I$5:$I$504,'Product Backlog'!$G$5:$G$504,"<="&A43,'Product Backlog'!$G$5:$G$504,">0",'Product Backlog'!$I$5:$I$504,">0")) -> 860 | D43: =SUMIFS('Product Backlog'!$I$5:$I$504,'Product Backlog'!$G$5:$G$504,A43,'Product Backlog'!$G$5:$G$504,">0",'Product Backlog'!$I$5:$I$504,">0") -> 0 | E43: =MAX(0,MIN($L$13,$L$13*($M$10-A43)/($M$10-$L$5))) -> 797.61905 | P43: =B43 | Q43: =C43 -> 860 | R43: =E43 -> 797.61905
A44: =$L$5+18 -> 46292 | B44: =IF(A44=$L$5,"Sprint 1 ("&TEXT(A44,"m/d")&")",IF(A44=$L$6,"Sprint 2 ("&TEXT(A44,"m/d")&")",IF(A44=$L$7,"Sprint 3 ("&TEXT(A44,"m/d")&")",IF(A44=$L$8,"Sprint 4 ("&TEXT(A44,"m/d")&")",IF(A44=$L$9,"Sprint 5 ("&TEXT(A44,"m/d")&")",IF(A44=$L$10,"Sprint 6 ("&TEXT(A44,"m/d")&")",IF(A44=$M$10,"Sprint 6 end ("&TEXT(A44,"m/d")&")",IF(D44>0,TEXT(A44,"m/d")," ")))))))) | C44: =MAX(0,$L$13-SUMIFS('Product Backlog'!$I$5:$I$504,'Product Backlog'!$G$5:$G$504,"<="&A44,'Product Backlog'!$G$5:$G$504,">0",'Product Backlog'!$I$5:$I$504,">0")) -> 860 | D44: =SUMIFS('Product Backlog'!$I$5:$I$504,'Product Backlog'!$G$5:$G$504,A44,'Product Backlog'!$G$5:$G$504,">0",'Product Backlog'!$I$5:$I$504,">0") -> 0 | E44: =MAX(0,MIN($L$13,$L$13*($M$10-A44)/($M$10-$L$5))) -> 785.71429 | P44: =B44 | Q44: =C44 -> 860 | R44: =E44 -> 785.71429
A45: =$L$5+19 -> 46293 | B45: =IF(A45=$L$5,"Sprint 1 ("&TEXT(A45,"m/d")&")",IF(A45=$L$6,"Sprint 2 ("&TEXT(A45,"m/d")&")",IF(A45=$L$7,"Sprint 3 ("&TEXT(A45,"m/d")&")",IF(A45=$L$8,"Sprint 4 ("&TEXT(A45,"m/d")&")",IF(A45=$L$9,"Sprint 5 ("&TEXT(A45,"m/d")&")",IF(A45=$L$10,"Sprint 6 ("&TEXT(A45,"m/d")&")",IF(A45=$M$10,"Sprint 6 end ("&TEXT(A45,"m/d")&")",IF(D45>0,TEXT(A45,"m/d")," ")))))))) -> 9/28 | C45: =MAX(0,$L$13-SUMIFS('Product Backlog'!$I$5:$I$504,'Product Backlog'!$G$5:$G$504,"<="&A45,'Product Backlog'!$G$5:$G$504,">0",'Product Backlog'!$I$5:$I$504,">0")) -> 815 | D45: =SUMIFS('Product Backlog'!$I$5:$I$504,'Product Backlog'!$G$5:$G$504,A45,'Product Backlog'!$G$5:$G$504,">0",'Product Backlog'!$I$5:$I$504,">0") -> 45 | E45: =MAX(0,MIN($L$13,$L$13*($M$10-A45)/($M$10-$L$5))) -> 773.80952 | P45: =B45 -> 9/28 | Q45: =C45 -> 815 | R45: =E45 -> 773.80952
A46: =$L$5+20 -> 46294 | B46: =IF(A46=$L$5,"Sprint 1 ("&TEXT(A46,"m/d")&")",IF(A46=$L$6,"Sprint 2 ("&TEXT(A46,"m/d")&")",IF(A46=$L$7,"Sprint 3 ("&TEXT(A46,"m/d")&")",IF(A46=$L$8,"Sprint 4 ("&TEXT(A46,"m/d")&")",IF(A46=$L$9,"Sprint 5 ("&TEXT(A46,"m/d")&")",IF(A46=$L$10,"Sprint 6 ("&TEXT(A46,"m/d")&")",IF(A46=$M$10,"Sprint 6 end ("&TEXT(A46,"m/d")&")",IF(D46>0,TEXT(A46,"m/d")," ")))))))) | C46: =MAX(0,$L$13-SUMIFS('Product Backlog'!$I$5:$I$504,'Product Backlog'!$G$5:$G$504,"<="&A46,'Product Backlog'!$G$5:$G$504,">0",'Product Backlog'!$I$5:$I$504,">0")) -> 815 | D46: =SUMIFS('Product Backlog'!$I$5:$I$504,'Product Backlog'!$G$5:$G$504,A46,'Product Backlog'!$G$5:$G$504,">0",'Product Backlog'!$I$5:$I$504,">0") -> 0 | E46: =MAX(0,MIN($L$13,$L$13*($M$10-A46)/($M$10-$L$5))) -> 761.90476 | P46: =B46 | Q46: =C46 -> 815 | R46: =E46 -> 761.90476
A47: =$L$5+21 -> 46295 | B47: =IF(A47=$L$5,"Sprint 1 ("&TEXT(A47,"m/d")&")",IF(A47=$L$6,"Sprint 2 ("&TEXT(A47,"m/d")&")",IF(A47=$L$7,"Sprint 3 ("&TEXT(A47,"m/d")&")",IF(A47=$L$8,"Sprint 4 ("&TEXT(A47,"m/d")&")",IF(A47=$L$9,"Sprint 5 ("&TEXT(A47,"m/d")&")",IF(A47=$L$10,"Sprint 6 ("&TEXT(A47,"m/d")&")",IF(A47=$M$10,"Sprint 6 end ("&TEXT(A47,"m/d")&")",IF(D47>0,TEXT(A47,"m/d")," ")))))))) -> 9/30 | C47: =MAX(0,$L$13-SUMIFS('Product Backlog'!$I$5:$I$504,'Product Backlog'!$G$5:$G$504,"<="&A47,'Product Backlog'!$G$5:$G$504,">0",'Product Backlog'!$I$5:$I$504,">0")) -> 765 | D47: =SUMIFS('Product Backlog'!$I$5:$I$504,'Product Backlog'!$G$5:$G$504,A47,'Product Backlog'!$G$5:$G$504,">0",'Product Backlog'!$I$5:$I$504,">0") -> 50 | E47: =MAX(0,MIN($L$13,$L$13*($M$10-A47)/($M$10-$L$5))) -> 750 | P47: =B47 -> 9/30 | Q47: =C47 -> 765 | R47: =E47 -> 750
A48: =$L$5+22 -> 46296 | B48: =IF(A48=$L$5,"Sprint 1 ("&TEXT(A48,"m/d")&")",IF(A48=$L$6,"Sprint 2 ("&TEXT(A48,"m/d")&")",IF(A48=$L$7,"Sprint 3 ("&TEXT(A48,"m/d")&")",IF(A48=$L$8,"Sprint 4 ("&TEXT(A48,"m/d")&")",IF(A48=$L$9,"Sprint 5 ("&TEXT(A48,"m/d")&")",IF(A48=$L$10,"Sprint 6 ("&TEXT(A48,"m/d")&")",IF(A48=$M$10,"Sprint 6 end ("&TEXT(A48,"m/d")&")",IF(D48>0,TEXT(A48,"m/d")," ")))))))) | C48: =MAX(0,$L$13-SUMIFS('Product Backlog'!$I$5:$I$504,'Product Backlog'!$G$5:$G$504,"<="&A48,'Product Backlog'!$G$5:$G$504,">0",'Product Backlog'!$I$5:$I$504,">0")) -> 765 | D48: =SUMIFS('Product Backlog'!$I$5:$I$504,'Product Backlog'!$G$5:$G$504,A48,'Product Backlog'!$G$5:$G$504,">0",'Product Backlog'!$I$5:$I$504,">0") -> 0 | E48: =MAX(0,MIN($L$13,$L$13*($M$10-A48)/($M$10-$L$5))) -> 738.09524 | P48: =B48 | Q48: =C48 -> 765 | R48: =E48 -> 738.09524
A49: =$L$5+23 -> 46297 | B49: =IF(A49=$L$5,"Sprint 1 ("&TEXT(A49,"m/d")&")",IF(A49=$L$6,"Sprint 2 ("&TEXT(A49,"m/d")&")",IF(A49=$L$7,"Sprint 3 ("&TEXT(A49,"m/d")&")",IF(A49=$L$8,"Sprint 4 ("&TEXT(A49,"m/d")&")",IF(A49=$L$9,"Sprint 5 ("&TEXT(A49,"m/d")&")",IF(A49=$L$10,"Sprint 6 ("&TEXT(A49,"m/d")&")",IF(A49=$M$10,"Sprint 6 end ("&TEXT(A49,"m/d")&")",IF(D49>0,TEXT(A49,"m/d")," ")))))))) | C49: =MAX(0,$L$13-SUMIFS('Product Backlog'!$I$5:$I$504,'Product Backlog'!$G$5:$G$504,"<="&A49,'Product Backlog'!$G$5:$G$504,">0",'Product Backlog'!$I$5:$I$504,">0")) -> 765 | D49: =SUMIFS('Product Backlog'!$I$5:$I$504,'Product Backlog'!$G$5:$G$504,A49,'Product Backlog'!$G$5:$G$504,">0",'Product Backlog'!$I$5:$I$504,">0") -> 0 | E49: =MAX(0,MIN($L$13,$L$13*($M$10-A49)/($M$10-$L$5))) -> 726.19048 | P49: =B49 | Q49: =C49 -> 765 | R49: =E49 -> 726.19048
A50: =$L$5+24 -> 46298 | B50: =IF(A50=$L$5,"Sprint 1 ("&TEXT(A50,"m/d")&")",IF(A50=$L$6,"Sprint 2 ("&TEXT(A50,"m/d")&")",IF(A50=$L$7,"Sprint 3 ("&TEXT(A50,"m/d")&")",IF(A50=$L$8,"Sprint 4 ("&TEXT(A50,"m/d")&")",IF(A50=$L$9,"Sprint 5 ("&TEXT(A50,"m/d")&")",IF(A50=$L$10,"Sprint 6 ("&TEXT(A50,"m/d")&")",IF(A50=$M$10,"Sprint 6 end ("&TEXT(A50,"m/d")&")",IF(D50>0,TEXT(A50,"m/d")," ")))))))) | C50: =MAX(0,$L$13-SUMIFS('Product Backlog'!$I$5:$I$504,'Product Backlog'!$G$5:$G$504,"<="&A50,'Product Backlog'!$G$5:$G$504,">0",'Product Backlog'!$I$5:$I$504,">0")) -> 765 | D50: =SUMIFS('Product Backlog'!$I$5:$I$504,'Product Backlog'!$G$5:$G$504,A50,'Product Backlog'!$G$5:$G$504,">0",'Product Backlog'!$I$5:$I$504,">0") -> 0 | E50: =MAX(0,MIN($L$13,$L$13*($M$10-A50)/($M$10-$L$5))) -> 714.28571 | P50: =B50 | Q50: =C50 -> 765 | R50: =E50 -> 714.28571
A51: =$L$5+25 -> 46299 | B51: =IF(A51=$L$5,"Sprint 1 ("&TEXT(A51,"m/d")&")",IF(A51=$L$6,"Sprint 2 ("&TEXT(A51,"m/d")&")",IF(A51=$L$7,"Sprint 3 ("&TEXT(A51,"m/d")&")",IF(A51=$L$8,"Sprint 4 ("&TEXT(A51,"m/d")&")",IF(A51=$L$9,"Sprint 5 ("&TEXT(A51,"m/d")&")",IF(A51=$L$10,"Sprint 6 ("&TEXT(A51,"m/d")&")",IF(A51=$M$10,"Sprint 6 end ("&TEXT(A51,"m/d")&")",IF(D51>0,TEXT(A51,"m/d")," ")))))))) | C51: =MAX(0,$L$13-SUMIFS('Product Backlog'!$I$5:$I$504,'Product Backlog'!$G$5:$G$504,"<="&A51,'Product Backlog'!$G$5:$G$504,">0",'Product Backlog'!$I$5:$I$504,">0")) -> 765 | D51: =SUMIFS('Product Backlog'!$I$5:$I$504,'Product Backlog'!$G$5:$G$504,A51,'Product Backlog'!$G$5:$G$504,">0",'Product Backlog'!$I$5:$I$504,">0") -> 0 | E51: =MAX(0,MIN($L$13,$L$13*($M$10-A51)/($M$10-$L$5))) -> 702.38095 | P51: =B51 | Q51: =C51 -> 765 | R51: =E51 -> 702.38095
A52: =$L$5+26 -> 46300 | B52: =IF(A52=$L$5,"Sprint 1 ("&TEXT(A52,"m/d")&")",IF(A52=$L$6,"Sprint 2 ("&TEXT(A52,"m/d")&")",IF(A52=$L$7,"Sprint 3 ("&TEXT(A52,"m/d")&")",IF(A52=$L$8,"Sprint 4 ("&TEXT(A52,"m/d")&")",IF(A52=$L$9,"Sprint 5 ("&TEXT(A52,"m/d")&")",IF(A52=$L$10,"Sprint 6 ("&TEXT(A52,"m/d")&")",IF(A52=$M$10,"Sprint 6 end ("&TEXT(A52,"m/d")&")",IF(D52>0,TEXT(A52,"m/d")," ")))))))) | C52: =MAX(0,$L$13-SUMIFS('Product Backlog'!$I$5:$I$504,'Product Backlog'!$G$5:$G$504,"<="&A52,'Product Backlog'!$G$5:$G$504,">0",'Product Backlog'!$I$5:$I$504,">0")) -> 765 | D52: =SUMIFS('Product Backlog'!$I$5:$I$504,'Product Backlog'!$G$5:$G$504,A52,'Product Backlog'!$G$5:$G$504,">0",'Product Backlog'!$I$5:$I$504,">0") -> 0 | E52: =MAX(0,MIN($L$13,$L$13*($M$10-A52)/($M$10-$L$5))) -> 690.47619 | P52: =B52 | Q52: =C52 -> 765 | R52: =E52 -> 690.47619
A53: =$L$5+27 -> 46301 | B53: =IF(A53=$L$5,"Sprint 1 ("&TEXT(A53,"m/d")&")",IF(A53=$L$6,"Sprint 2 ("&TEXT(A53,"m/d")&")",IF(A53=$L$7,"Sprint 3 ("&TEXT(A53,"m/d")&")",IF(A53=$L$8,"Sprint 4 ("&TEXT(A53,"m/d")&")",IF(A53=$L$9,"Sprint 5 ("&TEXT(A53,"m/d")&")",IF(A53=$L$10,"Sprint 6 ("&TEXT(A53,"m/d")&")",IF(A53=$M$10,"Sprint 6 end ("&TEXT(A53,"m/d")&")",IF(D53>0,TEXT(A53,"m/d")," ")))))))) | C53: =MAX(0,$L$13-SUMIFS('Product Backlog'!$I$5:$I$504,'Product Backlog'!$G$5:$G$504,"<="&A53,'Product Backlog'!$G$5:$G$504,">0",'Product Backlog'!$I$5:$I$504,">0")) -> 765 | D53: =SUMIFS('Product Backlog'!$I$5:$I$504,'Product Backlog'!$G$5:$G$504,A53,'Product Backlog'!$G$5:$G$504,">0",'Product Backlog'!$I$5:$I$504,">0") -> 0 | E53: =MAX(0,MIN($L$13,$L$13*($M$10-A53)/($M$10-$L$5))) -> 678.57143 | P53: =B53 | Q53: =C53 -> 765 | R53: =E53 -> 678.57143
A54: =$L$5+28 -> 46302 | B54: =IF(A54=$L$5,"Sprint 1 ("&TEXT(A54,"m/d")&")",IF(A54=$L$6,"Sprint 2 ("&TEXT(A54,"m/d")&")",IF(A54=$L$7,"Sprint 3 ("&TEXT(A54,"m/d")&")",IF(A54=$L$8,"Sprint 4 ("&TEXT(A54,"m/d")&")",IF(A54=$L$9,"Sprint 5 ("&TEXT(A54,"m/d")&")",IF(A54=$L$10,"Sprint 6 ("&TEXT(A54,"m/d")&")",IF(A54=$M$10,"Sprint 6 end ("&TEXT(A54,"m/d")&")",IF(D54>0,TEXT(A54,"m/d")," ")))))))) -> Sprint 3 (10/7) | C54: =MAX(0,$L$13-SUMIFS('Product Backlog'!$I$5:$I$504,'Product Backlog'!$G$5:$G$504,"<="&A54,'Product Backlog'!$G$5:$G$504,">0",'Product Backlog'!$I$5:$I$504,">0")) -> 765 | D54: =SUMIFS('Product Backlog'!$I$5:$I$504,'Product Backlog'!$G$5:$G$504,A54,'Product Backlog'!$G$5:$G$504,">0",'Product Backlog'!$I$5:$I$504,">0") -> 0 | E54: =MAX(0,MIN($L$13,$L$13*($M$10-A54)/($M$10-$L$5))) -> 666.66667 | P54: =B54 -> Sprint 3 (10/7) | Q54: =C54 -> 765 | R54: =E54 -> 666.66667
A55: =$L$5+29 -> 46303 | B55: =IF(A55=$L$5,"Sprint 1 ("&TEXT(A55,"m/d")&")",IF(A55=$L$6,"Sprint 2 ("&TEXT(A55,"m/d")&")",IF(A55=$L$7,"Sprint 3 ("&TEXT(A55,"m/d")&")",IF(A55=$L$8,"Sprint 4 ("&TEXT(A55,"m/d")&")",IF(A55=$L$9,"Sprint 5 ("&TEXT(A55,"m/d")&")",IF(A55=$L$10,"Sprint 6 ("&TEXT(A55,"m/d")&")",IF(A55=$M$10,"Sprint 6 end ("&TEXT(A55,"m/d")&")",IF(D55>0,TEXT(A55,"m/d")," ")))))))) | C55: =MAX(0,$L$13-SUMIFS('Product Backlog'!$I$5:$I$504,'Product Backlog'!$G$5:$G$504,"<="&A55,'Product Backlog'!$G$5:$G$504,">0",'Product Backlog'!$I$5:$I$504,">0")) -> 765 | D55: =SUMIFS('Product Backlog'!$I$5:$I$504,'Product Backlog'!$G$5:$G$504,A55,'Product Backlog'!$G$5:$G$504,">0",'Product Backlog'!$I$5:$I$504,">0") -> 0 | E55: =MAX(0,MIN($L$13,$L$13*($M$10-A55)/($M$10-$L$5))) -> 654.7619 | P55: =B55 | Q55: =C55 -> 765 | R55: =E55 -> 654.7619
A56: =$L$5+30 -> 46304 | B56: =IF(A56=$L$5,"Sprint 1 ("&TEXT(A56,"m/d")&")",IF(A56=$L$6,"Sprint 2 ("&TEXT(A56,"m/d")&")",IF(A56=$L$7,"Sprint 3 ("&TEXT(A56,"m/d")&")",IF(A56=$L$8,"Sprint 4 ("&TEXT(A56,"m/d")&")",IF(A56=$L$9,"Sprint 5 ("&TEXT(A56,"m/d")&")",IF(A56=$L$10,"Sprint 6 ("&TEXT(A56,"m/d")&")",IF(A56=$M$10,"Sprint 6 end ("&TEXT(A56,"m/d")&")",IF(D56>0,TEXT(A56,"m/d")," ")))))))) -> 10/9 | C56: =MAX(0,$L$13-SUMIFS('Product Backlog'!$I$5:$I$504,'Product Backlog'!$G$5:$G$504,"<="&A56,'Product Backlog'!$G$5:$G$504,">0",'Product Backlog'!$I$5:$I$504,">0")) -> 730 | D56: =SUMIFS('Product Backlog'!$I$5:$I$504,'Product Backlog'!$G$5:$G$504,A56,'Product Backlog'!$G$5:$G$504,">0",'Product Backlog'!$I$5:$I$504,">0") -> 35 | E56: =MAX(0,MIN($L$13,$L$13*($M$10-A56)/($M$10-$L$5))) -> 642.85714 | P56: =B56 -> 10/9 | Q56: =C56 -> 730 | R56: =E56 -> 642.85714
A57: =$L$5+31 -> 46305 | B57: =IF(A57=$L$5,"Sprint 1 ("&TEXT(A57,"m/d")&")",IF(A57=$L$6,"Sprint 2 ("&TEXT(A57,"m/d")&")",IF(A57=$L$7,"Sprint 3 ("&TEXT(A57,"m/d")&")",IF(A57=$L$8,"Sprint 4 ("&TEXT(A57,"m/d")&")",IF(A57=$L$9,"Sprint 5 ("&TEXT(A57,"m/d")&")",IF(A57=$L$10,"Sprint 6 ("&TEXT(A57,"m/d")&")",IF(A57=$M$10,"Sprint 6 end ("&TEXT(A57,"m/d")&")",IF(D57>0,TEXT(A57,"m/d")," ")))))))) | C57: =MAX(0,$L$13-SUMIFS('Product Backlog'!$I$5:$I$504,'Product Backlog'!$G$5:$G$504,"<="&A57,'Product Backlog'!$G$5:$G$504,">0",'Product Backlog'!$I$5:$I$504,">0")) -> 730 | D57: =SUMIFS('Product Backlog'!$I$5:$I$504,'Product Backlog'!$G$5:$G$504,A57,'Product Backlog'!$G$5:$G$504,">0",'Product Backlog'!$I$5:$I$504,">0") -> 0 | E57: =MAX(0,MIN($L$13,$L$13*($M$10-A57)/($M$10-$L$5))) -> 630.95238 | P57: =B57 | Q57: =C57 -> 730 | R57: =E57 -> 630.95238
A58: =$L$5+32 -> 46306 | B58: =IF(A58=$L$5,"Sprint 1 ("&TEXT(A58,"m/d")&")",IF(A58=$L$6,"Sprint 2 ("&TEXT(A58,"m/d")&")",IF(A58=$L$7,"Sprint 3 ("&TEXT(A58,"m/d")&")",IF(A58=$L$8,"Sprint 4 ("&TEXT(A58,"m/d")&")",IF(A58=$L$9,"Sprint 5 ("&TEXT(A58,"m/d")&")",IF(A58=$L$10,"Sprint 6 ("&TEXT(A58,"m/d")&")",IF(A58=$M$10,"Sprint 6 end ("&TEXT(A58,"m/d")&")",IF(D58>0,TEXT(A58,"m/d")," ")))))))) | C58: =MAX(0,$L$13-SUMIFS('Product Backlog'!$I$5:$I$504,'Product Backlog'!$G$5:$G$504,"<="&A58,'Product Backlog'!$G$5:$G$504,">0",'Product Backlog'!$I$5:$I$504,">0")) -> 730 | D58: =SUMIFS('Product Backlog'!$I$5:$I$504,'Product Backlog'!$G$5:$G$504,A58,'Product Backlog'!$G$5:$G$504,">0",'Product Backlog'!$I$5:$I$504,">0") -> 0 | E58: =MAX(0,MIN($L$13,$L$13*($M$10-A58)/($M$10-$L$5))) -> 619.04762 | P58: =B58 | Q58: =C58 -> 730 | R58: =E58 -> 619.04762
A59: =$L$5+33 -> 46307 | B59: =IF(A59=$L$5,"Sprint 1 ("&TEXT(A59,"m/d")&")",IF(A59=$L$6,"Sprint 2 ("&TEXT(A59,"m/d")&")",IF(A59=$L$7,"Sprint 3 ("&TEXT(A59,"m/d")&")",IF(A59=$L$8,"Sprint 4 ("&TEXT(A59,"m/d")&")",IF(A59=$L$9,"Sprint 5 ("&TEXT(A59,"m/d")&")",IF(A59=$L$10,"Sprint 6 ("&TEXT(A59,"m/d")&")",IF(A59=$M$10,"Sprint 6 end ("&TEXT(A59,"m/d")&")",IF(D59>0,TEXT(A59,"m/d")," ")))))))) | C59: =MAX(0,$L$13-SUMIFS('Product Backlog'!$I$5:$I$504,'Product Backlog'!$G$5:$G$504,"<="&A59,'Product Backlog'!$G$5:$G$504,">0",'Product Backlog'!$I$5:$I$504,">0")) -> 730 | D59: =SUMIFS('Product Backlog'!$I$5:$I$504,'Product Backlog'!$G$5:$G$504,A59,'Product Backlog'!$G$5:$G$504,">0",'Product Backlog'!$I$5:$I$504,">0") -> 0 | E59: =MAX(0,MIN($L$13,$L$13*($M$10-A59)/($M$10-$L$5))) -> 607.14286 | P59: =B59 | Q59: =C59 -> 730 | R59: =E59 -> 607.14286
A60: =$L$5+34 -> 46308 | B60: =IF(A60=$L$5,"Sprint 1 ("&TEXT(A60,"m/d")&")",IF(A60=$L$6,"Sprint 2 ("&TEXT(A60,"m/d")&")",IF(A60=$L$7,"Sprint 3 ("&TEXT(A60,"m/d")&")",IF(A60=$L$8,"Sprint 4 ("&TEXT(A60,"m/d")&")",IF(A60=$L$9,"Sprint 5 ("&TEXT(A60,"m/d")&")",IF(A60=$L$10,"Sprint 6 ("&TEXT(A60,"m/d")&")",IF(A60=$M$10,"Sprint 6 end ("&TEXT(A60,"m/d")&")",IF(D60>0,TEXT(A60,"m/d")," ")))))))) | C60: =MAX(0,$L$13-SUMIFS('Product Backlog'!$I$5:$I$504,'Product Backlog'!$G$5:$G$504,"<="&A60,'Product Backlog'!$G$5:$G$504,">0",'Product Backlog'!$I$5:$I$504,">0")) -> 730 | D60: =SUMIFS('Product Backlog'!$I$5:$I$504,'Product Backlog'!$G$5:$G$504,A60,'Product Backlog'!$G$5:$G$504,">0",'Product Backlog'!$I$5:$I$504,">0") -> 0 | E60: =MAX(0,MIN($L$13,$L$13*($M$10-A60)/($M$10-$L$5))) -> 595.2381 | P60: =B60 | Q60: =C60 -> 730 | R60: =E60 -> 595.2381
A61: =$L$5+35 -> 46309 | B61: =IF(A61=$L$5,"Sprint 1 ("&TEXT(A61,"m/d")&")",IF(A61=$L$6,"Sprint 2 ("&TEXT(A61,"m/d")&")",IF(A61=$L$7,"Sprint 3 ("&TEXT(A61,"m/d")&")",IF(A61=$L$8,"Sprint 4 ("&TEXT(A61,"m/d")&")",IF(A61=$L$9,"Sprint 5 ("&TEXT(A61,"m/d")&")",IF(A61=$L$10,"Sprint 6 ("&TEXT(A61,"m/d")&")",IF(A61=$M$10,"Sprint 6 end ("&TEXT(A61,"m/d")&")",IF(D61>0,TEXT(A61,"m/d")," ")))))))) -> 10/14 | C61: =MAX(0,$L$13-SUMIFS('Product Backlog'!$I$5:$I$504,'Product Backlog'!$G$5:$G$504,"<="&A61,'Product Backlog'!$G$5:$G$504,">0",'Product Backlog'!$I$5:$I$504,">0")) -> 605 | D61: =SUMIFS('Product Backlog'!$I$5:$I$504,'Product Backlog'!$G$5:$G$504,A61,'Product Backlog'!$G$5:$G$504,">0",'Product Backlog'!$I$5:$I$504,">0") -> 125 | E61: =MAX(0,MIN($L$13,$L$13*($M$10-A61)/($M$10-$L$5))) -> 583.33333 | P61: =B61 -> 10/14 | Q61: =C61 -> 605 | R61: =E61 -> 583.33333
A62: =$L$5+36 -> 46310 | B62: =IF(A62=$L$5,"Sprint 1 ("&TEXT(A62,"m/d")&")",IF(A62=$L$6,"Sprint 2 ("&TEXT(A62,"m/d")&")",IF(A62=$L$7,"Sprint 3 ("&TEXT(A62,"m/d")&")",IF(A62=$L$8,"Sprint 4 ("&TEXT(A62,"m/d")&")",IF(A62=$L$9,"Sprint 5 ("&TEXT(A62,"m/d")&")",IF(A62=$L$10,"Sprint 6 ("&TEXT(A62,"m/d")&")",IF(A62=$M$10,"Sprint 6 end ("&TEXT(A62,"m/d")&")",IF(D62>0,TEXT(A62,"m/d")," ")))))))) | C62: =MAX(0,$L$13-SUMIFS('Product Backlog'!$I$5:$I$504,'Product Backlog'!$G$5:$G$504,"<="&A62,'Product Backlog'!$G$5:$G$504,">0",'Product Backlog'!$I$5:$I$504,">0")) -> 605 | D62: =SUMIFS('Product Backlog'!$I$5:$I$504,'Product Backlog'!$G$5:$G$504,A62,'Product Backlog'!$G$5:$G$504,">0",'Product Backlog'!$I$5:$I$504,">0") -> 0 | E62: =MAX(0,MIN($L$13,$L$13*($M$10-A62)/($M$10-$L$5))) -> 571.42857 | P62: =B62 | Q62: =C62 -> 605 | R62: =E62 -> 571.42857
A63: =$L$5+37 -> 46311 | B63: =IF(A63=$L$5,"Sprint 1 ("&TEXT(A63,"m/d")&")",IF(A63=$L$6,"Sprint 2 ("&TEXT(A63,"m/d")&")",IF(A63=$L$7,"Sprint 3 ("&TEXT(A63,"m/d")&")",IF(A63=$L$8,"Sprint 4 ("&TEXT(A63,"m/d")&")",IF(A63=$L$9,"Sprint 5 ("&TEXT(A63,"m/d")&")",IF(A63=$L$10,"Sprint 6 ("&TEXT(A63,"m/d")&")",IF(A63=$M$10,"Sprint 6 end ("&TEXT(A63,"m/d")&")",IF(D63>0,TEXT(A63,"m/d")," ")))))))) | C63: =MAX(0,$L$13-SUMIFS('Product Backlog'!$I$5:$I$504,'Product Backlog'!$G$5:$G$504,"<="&A63,'Product Backlog'!$G$5:$G$504,">0",'Product Backlog'!$I$5:$I$504,">0")) -> 605 | D63: =SUMIFS('Product Backlog'!$I$5:$I$504,'Product Backlog'!$G$5:$G$504,A63,'Product Backlog'!$G$5:$G$504,">0",'Product Backlog'!$I$5:$I$504,">0") -> 0 | E63: =MAX(0,MIN($L$13,$L$13*($M$10-A63)/($M$10-$L$5))) -> 559.52381 | P63: =B63 | Q63: =C63 -> 605 | R63: =E63 -> 559.52381
A64: =$L$5+38 -> 46312 | B64: =IF(A64=$L$5,"Sprint 1 ("&TEXT(A64,"m/d")&")",IF(A64=$L$6,"Sprint 2 ("&TEXT(A64,"m/d")&")",IF(A64=$L$7,"Sprint 3 ("&TEXT(A64,"m/d")&")",IF(A64=$L$8,"Sprint 4 ("&TEXT(A64,"m/d")&")",IF(A64=$L$9,"Sprint 5 ("&TEXT(A64,"m/d")&")",IF(A64=$L$10,"Sprint 6 ("&TEXT(A64,"m/d")&")",IF(A64=$M$10,"Sprint 6 end ("&TEXT(A64,"m/d")&")",IF(D64>0,TEXT(A64,"m/d")," ")))))))) | C64: =MAX(0,$L$13-SUMIFS('Product Backlog'!$I$5:$I$504,'Product Backlog'!$G$5:$G$504,"<="&A64,'Product Backlog'!$G$5:$G$504,">0",'Product Backlog'!$I$5:$I$504,">0")) -> 605 | D64: =SUMIFS('Product Backlog'!$I$5:$I$504,'Product Backlog'!$G$5:$G$504,A64,'Product Backlog'!$G$5:$G$504,">0",'Product Backlog'!$I$5:$I$504,">0") -> 0 | E64: =MAX(0,MIN($L$13,$L$13*($M$10-A64)/($M$10-$L$5))) -> 547.61905 | P64: =B64 | Q64: =C64 -> 605 | R64: =E64 -> 547.61905
A65: =$L$5+39 -> 46313 | B65: =IF(A65=$L$5,"Sprint 1 ("&TEXT(A65,"m/d")&")",IF(A65=$L$6,"Sprint 2 ("&TEXT(A65,"m/d")&")",IF(A65=$L$7,"Sprint 3 ("&TEXT(A65,"m/d")&")",IF(A65=$L$8,"Sprint 4 ("&TEXT(A65,"m/d")&")",IF(A65=$L$9,"Sprint 5 ("&TEXT(A65,"m/d")&")",IF(A65=$L$10,"Sprint 6 ("&TEXT(A65,"m/d")&")",IF(A65=$M$10,"Sprint 6 end ("&TEXT(A65,"m/d")&")",IF(D65>0,TEXT(A65,"m/d")," ")))))))) | C65: =MAX(0,$L$13-SUMIFS('Product Backlog'!$I$5:$I$504,'Product Backlog'!$G$5:$G$504,"<="&A65,'Product Backlog'!$G$5:$G$504,">0",'Product Backlog'!$I$5:$I$504,">0")) -> 605 | D65: =SUMIFS('Product Backlog'!$I$5:$I$504,'Product Backlog'!$G$5:$G$504,A65,'Product Backlog'!$G$5:$G$504,">0",'Product Backlog'!$I$5:$I$504,">0") -> 0 | E65: =MAX(0,MIN($L$13,$L$13*($M$10-A65)/($M$10-$L$5))) -> 535.71429 | P65: =B65 | Q65: =C65 -> 605 | R65: =E65 -> 535.71429
A66: =$L$5+40 -> 46314 | B66: =IF(A66=$L$5,"Sprint 1 ("&TEXT(A66,"m/d")&")",IF(A66=$L$6,"Sprint 2 ("&TEXT(A66,"m/d")&")",IF(A66=$L$7,"Sprint 3 ("&TEXT(A66,"m/d")&")",IF(A66=$L$8,"Sprint 4 ("&TEXT(A66,"m/d")&")",IF(A66=$L$9,"Sprint 5 ("&TEXT(A66,"m/d")&")",IF(A66=$L$10,"Sprint 6 ("&TEXT(A66,"m/d")&")",IF(A66=$M$10,"Sprint 6 end ("&TEXT(A66,"m/d")&")",IF(D66>0,TEXT(A66,"m/d")," ")))))))) | C66: =MAX(0,$L$13-SUMIFS('Product Backlog'!$I$5:$I$504,'Product Backlog'!$G$5:$G$504,"<="&A66,'Product Backlog'!$G$5:$G$504,">0",'Product Backlog'!$I$5:$I$504,">0")) -> 605 | D66: =SUMIFS('Product Backlog'!$I$5:$I$504,'Product Backlog'!$G$5:$G$504,A66,'Product Backlog'!$G$5:$G$504,">0",'Product Backlog'!$I$5:$I$504,">0") -> 0 | E66: =MAX(0,MIN($L$13,$L$13*($M$10-A66)/($M$10-$L$5))) -> 523.80952 | P66: =B66 | Q66: =C66 -> 605 | R66: =E66 -> 523.80952
A67: =$L$5+41 -> 46315 | B67: =IF(A67=$L$5,"Sprint 1 ("&TEXT(A67,"m/d")&")",IF(A67=$L$6,"Sprint 2 ("&TEXT(A67,"m/d")&")",IF(A67=$L$7,"Sprint 3 ("&TEXT(A67,"m/d")&")",IF(A67=$L$8,"Sprint 4 ("&TEXT(A67,"m/d")&")",IF(A67=$L$9,"Sprint 5 ("&TEXT(A67,"m/d")&")",IF(A67=$L$10,"Sprint 6 ("&TEXT(A67,"m/d")&")",IF(A67=$M$10,"Sprint 6 end ("&TEXT(A67,"m/d")&")",IF(D67>0,TEXT(A67,"m/d")," ")))))))) | C67: =MAX(0,$L$13-SUMIFS('Product Backlog'!$I$5:$I$504,'Product Backlog'!$G$5:$G$504,"<="&A67,'Product Backlog'!$G$5:$G$504,">0",'Product Backlog'!$I$5:$I$504,">0")) -> 605 | D67: =SUMIFS('Product Backlog'!$I$5:$I$504,'Product Backlog'!$G$5:$G$504,A67,'Product Backlog'!$G$5:$G$504,">0",'Product Backlog'!$I$5:$I$504,">0") -> 0 | E67: =MAX(0,MIN($L$13,$L$13*($M$10-A67)/($M$10-$L$5))) -> 511.90476 | P67: =B67 | Q67: =C67 -> 605 | R67: =E67 -> 511.90476
A68: =$L$5+42 -> 46316 | B68: =IF(A68=$L$5,"Sprint 1 ("&TEXT(A68,"m/d")&")",IF(A68=$L$6,"Sprint 2 ("&TEXT(A68,"m/d")&")",IF(A68=$L$7,"Sprint 3 ("&TEXT(A68,"m/d")&")",IF(A68=$L$8,"Sprint 4 ("&TEXT(A68,"m/d")&")",IF(A68=$L$9,"Sprint 5 ("&TEXT(A68,"m/d")&")",IF(A68=$L$10,"Sprint 6 ("&TEXT(A68,"m/d")&")",IF(A68=$M$10,"Sprint 6 end ("&TEXT(A68,"m/d")&")",IF(D68>0,TEXT(A68,"m/d")," ")))))))) -> Sprint 4 (10/21) | C68: =MAX(0,$L$13-SUMIFS('Product Backlog'!$I$5:$I$504,'Product Backlog'!$G$5:$G$504,"<="&A68,'Product Backlog'!$G$5:$G$504,">0",'Product Backlog'!$I$5:$I$504,">0")) -> 605 | D68: =SUMIFS('Product Backlog'!$I$5:$I$504,'Product Backlog'!$G$5:$G$504,A68,'Product Backlog'!$G$5:$G$504,">0",'Product Backlog'!$I$5:$I$504,">0") -> 0 | E68: =MAX(0,MIN($L$13,$L$13*($M$10-A68)/($M$10-$L$5))) -> 500 | P68: =B68 -> Sprint 4 (10/21) | Q68: =C68 -> 605 | R68: =E68 -> 500
A69: =$L$5+43 -> 46317 | B69: =IF(A69=$L$5,"Sprint 1 ("&TEXT(A69,"m/d")&")",IF(A69=$L$6,"Sprint 2 ("&TEXT(A69,"m/d")&")",IF(A69=$L$7,"Sprint 3 ("&TEXT(A69,"m/d")&")",IF(A69=$L$8,"Sprint 4 ("&TEXT(A69,"m/d")&")",IF(A69=$L$9,"Sprint 5 ("&TEXT(A69,"m/d")&")",IF(A69=$L$10,"Sprint 6 ("&TEXT(A69,"m/d")&")",IF(A69=$M$10,"Sprint 6 end ("&TEXT(A69,"m/d")&")",IF(D69>0,TEXT(A69,"m/d")," ")))))))) | C69: =MAX(0,$L$13-SUMIFS('Product Backlog'!$I$5:$I$504,'Product Backlog'!$G$5:$G$504,"<="&A69,'Product Backlog'!$G$5:$G$504,">0",'Product Backlog'!$I$5:$I$504,">0")) -> 605 | D69: =SUMIFS('Product Backlog'!$I$5:$I$504,'Product Backlog'!$G$5:$G$504,A69,'Product Backlog'!$G$5:$G$504,">0",'Product Backlog'!$I$5:$I$504,">0") -> 0 | E69: =MAX(0,MIN($L$13,$L$13*($M$10-A69)/($M$10-$L$5))) -> 488.09524 | P69: =B69 | Q69: =C69 -> 605 | R69: =E69 -> 488.09524
A70: =$L$5+44 -> 46318 | B70: =IF(A70=$L$5,"Sprint 1 ("&TEXT(A70,"m/d")&")",IF(A70=$L$6,"Sprint 2 ("&TEXT(A70,"m/d")&")",IF(A70=$L$7,"Sprint 3 ("&TEXT(A70,"m/d")&")",IF(A70=$L$8,"Sprint 4 ("&TEXT(A70,"m/d")&")",IF(A70=$L$9,"Sprint 5 ("&TEXT(A70,"m/d")&")",IF(A70=$L$10,"Sprint 6 ("&TEXT(A70,"m/d")&")",IF(A70=$M$10,"Sprint 6 end ("&TEXT(A70,"m/d")&")",IF(D70>0,TEXT(A70,"m/d")," ")))))))) | C70: =MAX(0,$L$13-SUMIFS('Product Backlog'!$I$5:$I$504,'Product Backlog'!$G$5:$G$504,"<="&A70,'Product Backlog'!$G$5:$G$504,">0",'Product Backlog'!$I$5:$I$504,">0")) -> 605 | D70: =SUMIFS('Product Backlog'!$I$5:$I$504,'Product Backlog'!$G$5:$G$504,A70,'Product Backlog'!$G$5:$G$504,">0",'Product Backlog'!$I$5:$I$504,">0") -> 0 | E70: =MAX(0,MIN($L$13,$L$13*($M$10-A70)/($M$10-$L$5))) -> 476.19048 | P70: =B70 | Q70: =C70 -> 605 | R70: =E70 -> 476.19048
A71: =$L$5+45 -> 46319 | B71: =IF(A71=$L$5,"Sprint 1 ("&TEXT(A71,"m/d")&")",IF(A71=$L$6,"Sprint 2 ("&TEXT(A71,"m/d")&")",IF(A71=$L$7,"Sprint 3 ("&TEXT(A71,"m/d")&")",IF(A71=$L$8,"Sprint 4 ("&TEXT(A71,"m/d")&")",IF(A71=$L$9,"Sprint 5 ("&TEXT(A71,"m/d")&")",IF(A71=$L$10,"Sprint 6 ("&TEXT(A71,"m/d")&")",IF(A71=$M$10,"Sprint 6 end ("&TEXT(A71,"m/d")&")",IF(D71>0,TEXT(A71,"m/d")," ")))))))) | C71: =MAX(0,$L$13-SUMIFS('Product Backlog'!$I$5:$I$504,'Product Backlog'!$G$5:$G$504,"<="&A71,'Product Backlog'!$G$5:$G$504,">0",'Product Backlog'!$I$5:$I$504,">0")) -> 605 | D71: =SUMIFS('Product Backlog'!$I$5:$I$504,'Product Backlog'!$G$5:$G$504,A71,'Product Backlog'!$G$5:$G$504,">0",'Product Backlog'!$I$5:$I$504,">0") -> 0 | E71: =MAX(0,MIN($L$13,$L$13*($M$10-A71)/($M$10-$L$5))) -> 464.28571 | P71: =B71 | Q71: =C71 -> 605 | R71: =E71 -> 464.28571
A72: =$L$5+46 -> 46320 | B72: =IF(A72=$L$5,"Sprint 1 ("&TEXT(A72,"m/d")&")",IF(A72=$L$6,"Sprint 2 ("&TEXT(A72,"m/d")&")",IF(A72=$L$7,"Sprint 3 ("&TEXT(A72,"m/d")&")",IF(A72=$L$8,"Sprint 4 ("&TEXT(A72,"m/d")&")",IF(A72=$L$9,"Sprint 5 ("&TEXT(A72,"m/d")&")",IF(A72=$L$10,"Sprint 6 ("&TEXT(A72,"m/d")&")",IF(A72=$M$10,"Sprint 6 end ("&TEXT(A72,"m/d")&")",IF(D72>0,TEXT(A72,"m/d")," ")))))))) | C72: =MAX(0,$L$13-SUMIFS('Product Backlog'!$I$5:$I$504,'Product Backlog'!$G$5:$G$504,"<="&A72,'Product Backlog'!$G$5:$G$504,">0",'Product Backlog'!$I$5:$I$504,">0")) -> 605 | D72: =SUMIFS('Product Backlog'!$I$5:$I$504,'Product Backlog'!$G$5:$G$504,A72,'Product Backlog'!$G$5:$G$504,">0",'Product Backlog'!$I$5:$I$504,">0") -> 0 | E72: =MAX(0,MIN($L$13,$L$13*($M$10-A72)/($M$10-$L$5))) -> 452.38095 | P72: =B72 | Q72: =C72 -> 605 | R72: =E72 -> 452.38095
A73: =$L$5+47 -> 46321 | B73: =IF(A73=$L$5,"Sprint 1 ("&TEXT(A73,"m/d")&")",IF(A73=$L$6,"Sprint 2 ("&TEXT(A73,"m/d")&")",IF(A73=$L$7,"Sprint 3 ("&TEXT(A73,"m/d")&")",IF(A73=$L$8,"Sprint 4 ("&TEXT(A73,"m/d")&")",IF(A73=$L$9,"Sprint 5 ("&TEXT(A73,"m/d")&")",IF(A73=$L$10,"Sprint 6 ("&TEXT(A73,"m/d")&")",IF(A73=$M$10,"Sprint 6 end ("&TEXT(A73,"m/d")&")",IF(D73>0,TEXT(A73,"m/d")," ")))))))) | C73: =MAX(0,$L$13-SUMIFS('Product Backlog'!$I$5:$I$504,'Product Backlog'!$G$5:$G$504,"<="&A73,'Product Backlog'!$G$5:$G$504,">0",'Product Backlog'!$I$5:$I$504,">0")) -> 605 | D73: =SUMIFS('Product Backlog'!$I$5:$I$504,'Product Backlog'!$G$5:$G$504,A73,'Product Backlog'!$G$5:$G$504,">0",'Product Backlog'!$I$5:$I$504,">0") -> 0 | E73: =MAX(0,MIN($L$13,$L$13*($M$10-A73)/($M$10-$L$5))) -> 440.47619 | P73: =B73 | Q73: =C73 -> 605 | R73: =E73 -> 440.47619
A74: =$L$5+48 -> 46322 | B74: =IF(A74=$L$5,"Sprint 1 ("&TEXT(A74,"m/d")&")",IF(A74=$L$6,"Sprint 2 ("&TEXT(A74,"m/d")&")",IF(A74=$L$7,"Sprint 3 ("&TEXT(A74,"m/d")&")",IF(A74=$L$8,"Sprint 4 ("&TEXT(A74,"m/d")&")",IF(A74=$L$9,"Sprint 5 ("&TEXT(A74,"m/d")&")",IF(A74=$L$10,"Sprint 6 ("&TEXT(A74,"m/d")&")",IF(A74=$M$10,"Sprint 6 end ("&TEXT(A74,"m/d")&")",IF(D74>0,TEXT(A74,"m/d")," ")))))))) | C74: =MAX(0,$L$13-SUMIFS('Product Backlog'!$I$5:$I$504,'Product Backlog'!$G$5:$G$504,"<="&A74,'Product Backlog'!$G$5:$G$504,">0",'Product Backlog'!$I$5:$I$504,">0")) -> 605 | D74: =SUMIFS('Product Backlog'!$I$5:$I$504,'Product Backlog'!$G$5:$G$504,A74,'Product Backlog'!$G$5:$G$504,">0",'Product Backlog'!$I$5:$I$504,">0") -> 0 | E74: =MAX(0,MIN($L$13,$L$13*($M$10-A74)/($M$10-$L$5))) -> 428.57143 | P74: =B74 | Q74: =C74 -> 605 | R74: =E74 -> 428.57143
A75: =$L$5+49 -> 46323 | B75: =IF(A75=$L$5,"Sprint 1 ("&TEXT(A75,"m/d")&")",IF(A75=$L$6,"Sprint 2 ("&TEXT(A75,"m/d")&")",IF(A75=$L$7,"Sprint 3 ("&TEXT(A75,"m/d")&")",IF(A75=$L$8,"Sprint 4 ("&TEXT(A75,"m/d")&")",IF(A75=$L$9,"Sprint 5 ("&TEXT(A75,"m/d")&")",IF(A75=$L$10,"Sprint 6 ("&TEXT(A75,"m/d")&")",IF(A75=$M$10,"Sprint 6 end ("&TEXT(A75,"m/d")&")",IF(D75>0,TEXT(A75,"m/d")," ")))))))) | C75: =MAX(0,$L$13-SUMIFS('Product Backlog'!$I$5:$I$504,'Product Backlog'!$G$5:$G$504,"<="&A75,'Product Backlog'!$G$5:$G$504,">0",'Product Backlog'!$I$5:$I$504,">0")) -> 605 | D75: =SUMIFS('Product Backlog'!$I$5:$I$504,'Product Backlog'!$G$5:$G$504,A75,'Product Backlog'!$G$5:$G$504,">0",'Product Backlog'!$I$5:$I$504,">0") -> 0 | E75: =MAX(0,MIN($L$13,$L$13*($M$10-A75)/($M$10-$L$5))) -> 416.66667 | P75: =B75 | Q75: =C75 -> 605 | R75: =E75 -> 416.66667
A76: =$L$5+50 -> 46324 | B76: =IF(A76=$L$5,"Sprint 1 ("&TEXT(A76,"m/d")&")",IF(A76=$L$6,"Sprint 2 ("&TEXT(A76,"m/d")&")",IF(A76=$L$7,"Sprint 3 ("&TEXT(A76,"m/d")&")",IF(A76=$L$8,"Sprint 4 ("&TEXT(A76,"m/d")&")",IF(A76=$L$9,"Sprint 5 ("&TEXT(A76,"m/d")&")",IF(A76=$L$10,"Sprint 6 ("&TEXT(A76,"m/d")&")",IF(A76=$M$10,"Sprint 6 end ("&TEXT(A76,"m/d")&")",IF(D76>0,TEXT(A76,"m/d")," ")))))))) | C76: =MAX(0,$L$13-SUMIFS('Product Backlog'!$I$5:$I$504,'Product Backlog'!$G$5:$G$504,"<="&A76,'Product Backlog'!$G$5:$G$504,">0",'Product Backlog'!$I$5:$I$504,">0")) -> 605 | D76: =SUMIFS('Product Backlog'!$I$5:$I$504,'Product Backlog'!$G$5:$G$504,A76,'Product Backlog'!$G$5:$G$504,">0",'Product Backlog'!$I$5:$I$504,">0") -> 0 | E76: =MAX(0,MIN($L$13,$L$13*($M$10-A76)/($M$10-$L$5))) -> 404.7619 | P76: =B76 | Q76: =C76 -> 605 | R76: =E76 -> 404.7619
A77: =$L$5+51 -> 46325 | B77: =IF(A77=$L$5,"Sprint 1 ("&TEXT(A77,"m/d")&")",IF(A77=$L$6,"Sprint 2 ("&TEXT(A77,"m/d")&")",IF(A77=$L$7,"Sprint 3 ("&TEXT(A77,"m/d")&")",IF(A77=$L$8,"Sprint 4 ("&TEXT(A77,"m/d")&")",IF(A77=$L$9,"Sprint 5 ("&TEXT(A77,"m/d")&")",IF(A77=$L$10,"Sprint 6 ("&TEXT(A77,"m/d")&")",IF(A77=$M$10,"Sprint 6 end ("&TEXT(A77,"m/d")&")",IF(D77>0,TEXT(A77,"m/d")," ")))))))) | C77: =MAX(0,$L$13-SUMIFS('Product Backlog'!$I$5:$I$504,'Product Backlog'!$G$5:$G$504,"<="&A77,'Product Backlog'!$G$5:$G$504,">0",'Product Backlog'!$I$5:$I$504,">0")) -> 605 | D77: =SUMIFS('Product Backlog'!$I$5:$I$504,'Product Backlog'!$G$5:$G$504,A77,'Product Backlog'!$G$5:$G$504,">0",'Product Backlog'!$I$5:$I$504,">0") -> 0 | E77: =MAX(0,MIN($L$13,$L$13*($M$10-A77)/($M$10-$L$5))) -> 392.85714 | P77: =B77 | Q77: =C77 -> 605 | R77: =E77 -> 392.85714
A78: =$L$5+52 -> 46326 | B78: =IF(A78=$L$5,"Sprint 1 ("&TEXT(A78,"m/d")&")",IF(A78=$L$6,"Sprint 2 ("&TEXT(A78,"m/d")&")",IF(A78=$L$7,"Sprint 3 ("&TEXT(A78,"m/d")&")",IF(A78=$L$8,"Sprint 4 ("&TEXT(A78,"m/d")&")",IF(A78=$L$9,"Sprint 5 ("&TEXT(A78,"m/d")&")",IF(A78=$L$10,"Sprint 6 ("&TEXT(A78,"m/d")&")",IF(A78=$M$10,"Sprint 6 end ("&TEXT(A78,"m/d")&")",IF(D78>0,TEXT(A78,"m/d")," ")))))))) | C78: =MAX(0,$L$13-SUMIFS('Product Backlog'!$I$5:$I$504,'Product Backlog'!$G$5:$G$504,"<="&A78,'Product Backlog'!$G$5:$G$504,">0",'Product Backlog'!$I$5:$I$504,">0")) -> 605 | D78: =SUMIFS('Product Backlog'!$I$5:$I$504,'Product Backlog'!$G$5:$G$504,A78,'Product Backlog'!$G$5:$G$504,">0",'Product Backlog'!$I$5:$I$504,">0") -> 0 | E78: =MAX(0,MIN($L$13,$L$13*($M$10-A78)/($M$10-$L$5))) -> 380.95238 | P78: =B78 | Q78: =C78 -> 605 | R78: =E78 -> 380.95238
A79: =$L$5+53 -> 46327 | B79: =IF(A79=$L$5,"Sprint 1 ("&TEXT(A79,"m/d")&")",IF(A79=$L$6,"Sprint 2 ("&TEXT(A79,"m/d")&")",IF(A79=$L$7,"Sprint 3 ("&TEXT(A79,"m/d")&")",IF(A79=$L$8,"Sprint 4 ("&TEXT(A79,"m/d")&")",IF(A79=$L$9,"Sprint 5 ("&TEXT(A79,"m/d")&")",IF(A79=$L$10,"Sprint 6 ("&TEXT(A79,"m/d")&")",IF(A79=$M$10,"Sprint 6 end ("&TEXT(A79,"m/d")&")",IF(D79>0,TEXT(A79,"m/d")," ")))))))) | C79: =MAX(0,$L$13-SUMIFS('Product Backlog'!$I$5:$I$504,'Product Backlog'!$G$5:$G$504,"<="&A79,'Product Backlog'!$G$5:$G$504,">0",'Product Backlog'!$I$5:$I$504,">0")) -> 605 | D79: =SUMIFS('Product Backlog'!$I$5:$I$504,'Product Backlog'!$G$5:$G$504,A79,'Product Backlog'!$G$5:$G$504,">0",'Product Backlog'!$I$5:$I$504,">0") -> 0 | E79: =MAX(0,MIN($L$13,$L$13*($M$10-A79)/($M$10-$L$5))) -> 369.04762 | P79: =B79 | Q79: =C79 -> 605 | R79: =E79 -> 369.04762
A80: =$L$5+54 -> 46328 | B80: =IF(A80=$L$5,"Sprint 1 ("&TEXT(A80,"m/d")&")",IF(A80=$L$6,"Sprint 2 ("&TEXT(A80,"m/d")&")",IF(A80=$L$7,"Sprint 3 ("&TEXT(A80,"m/d")&")",IF(A80=$L$8,"Sprint 4 ("&TEXT(A80,"m/d")&")",IF(A80=$L$9,"Sprint 5 ("&TEXT(A80,"m/d")&")",IF(A80=$L$10,"Sprint 6 ("&TEXT(A80,"m/d")&")",IF(A80=$M$10,"Sprint 6 end ("&TEXT(A80,"m/d")&")",IF(D80>0,TEXT(A80,"m/d")," ")))))))) | C80: =MAX(0,$L$13-SUMIFS('Product Backlog'!$I$5:$I$504,'Product Backlog'!$G$5:$G$504,"<="&A80,'Product Backlog'!$G$5:$G$504,">0",'Product Backlog'!$I$5:$I$504,">0")) -> 605 | D80: =SUMIFS('Product Backlog'!$I$5:$I$504,'Product Backlog'!$G$5:$G$504,A80,'Product Backlog'!$G$5:$G$504,">0",'Product Backlog'!$I$5:$I$504,">0") -> 0 | E80: =MAX(0,MIN($L$13,$L$13*($M$10-A80)/($M$10-$L$5))) -> 357.14286 | P80: =B80 | Q80: =C80 -> 605 | R80: =E80 -> 357.14286
A81: =$L$5+55 -> 46329 | B81: =IF(A81=$L$5,"Sprint 1 ("&TEXT(A81,"m/d")&")",IF(A81=$L$6,"Sprint 2 ("&TEXT(A81,"m/d")&")",IF(A81=$L$7,"Sprint 3 ("&TEXT(A81,"m/d")&")",IF(A81=$L$8,"Sprint 4 ("&TEXT(A81,"m/d")&")",IF(A81=$L$9,"Sprint 5 ("&TEXT(A81,"m/d")&")",IF(A81=$L$10,"Sprint 6 ("&TEXT(A81,"m/d")&")",IF(A81=$M$10,"Sprint 6 end ("&TEXT(A81,"m/d")&")",IF(D81>0,TEXT(A81,"m/d")," ")))))))) | C81: =MAX(0,$L$13-SUMIFS('Product Backlog'!$I$5:$I$504,'Product Backlog'!$G$5:$G$504,"<="&A81,'Product Backlog'!$G$5:$G$504,">0",'Product Backlog'!$I$5:$I$504,">0")) -> 605 | D81: =SUMIFS('Product Backlog'!$I$5:$I$504,'Product Backlog'!$G$5:$G$504,A81,'Product Backlog'!$G$5:$G$504,">0",'Product Backlog'!$I$5:$I$504,">0") -> 0 | E81: =MAX(0,MIN($L$13,$L$13*($M$10-A81)/($M$10-$L$5))) -> 345.2381 | P81: =B81 | Q81: =C81 -> 605 | R81: =E81 -> 345.2381
A82: =$L$5+56 -> 46330 | B82: =IF(A82=$L$5,"Sprint 1 ("&TEXT(A82,"m/d")&")",IF(A82=$L$6,"Sprint 2 ("&TEXT(A82,"m/d")&")",IF(A82=$L$7,"Sprint 3 ("&TEXT(A82,"m/d")&")",IF(A82=$L$8,"Sprint 4 ("&TEXT(A82,"m/d")&")",IF(A82=$L$9,"Sprint 5 ("&TEXT(A82,"m/d")&")",IF(A82=$L$10,"Sprint 6 ("&TEXT(A82,"m/d")&")",IF(A82=$M$10,"Sprint 6 end ("&TEXT(A82,"m/d")&")",IF(D82>0,TEXT(A82,"m/d")," ")))))))) -> Sprint 5 (11/4) | C82: =MAX(0,$L$13-SUMIFS('Product Backlog'!$I$5:$I$504,'Product Backlog'!$G$5:$G$504,"<="&A82,'Product Backlog'!$G$5:$G$504,">0",'Product Backlog'!$I$5:$I$504,">0")) -> 605 | D82: =SUMIFS('Product Backlog'!$I$5:$I$504,'Product Backlog'!$G$5:$G$504,A82,'Product Backlog'!$G$5:$G$504,">0",'Product Backlog'!$I$5:$I$504,">0") -> 0 | E82: =MAX(0,MIN($L$13,$L$13*($M$10-A82)/($M$10-$L$5))) -> 333.33333 | P82: =B82 -> Sprint 5 (11/4) | Q82: =C82 -> 605 | R82: =E82 -> 333.33333
A83: =$L$5+57 -> 46331 | B83: =IF(A83=$L$5,"Sprint 1 ("&TEXT(A83,"m/d")&")",IF(A83=$L$6,"Sprint 2 ("&TEXT(A83,"m/d")&")",IF(A83=$L$7,"Sprint 3 ("&TEXT(A83,"m/d")&")",IF(A83=$L$8,"Sprint 4 ("&TEXT(A83,"m/d")&")",IF(A83=$L$9,"Sprint 5 ("&TEXT(A83,"m/d")&")",IF(A83=$L$10,"Sprint 6 ("&TEXT(A83,"m/d")&")",IF(A83=$M$10,"Sprint 6 end ("&TEXT(A83,"m/d")&")",IF(D83>0,TEXT(A83,"m/d")," ")))))))) | C83: =MAX(0,$L$13-SUMIFS('Product Backlog'!$I$5:$I$504,'Product Backlog'!$G$5:$G$504,"<="&A83,'Product Backlog'!$G$5:$G$504,">0",'Product Backlog'!$I$5:$I$504,">0")) -> 605 | D83: =SUMIFS('Product Backlog'!$I$5:$I$504,'Product Backlog'!$G$5:$G$504,A83,'Product Backlog'!$G$5:$G$504,">0",'Product Backlog'!$I$5:$I$504,">0") -> 0 | E83: =MAX(0,MIN($L$13,$L$13*($M$10-A83)/($M$10-$L$5))) -> 321.42857 | P83: =B83 | Q83: =C83 -> 605 | R83: =E83 -> 321.42857
A84: =$L$5+58 -> 46332 | B84: =IF(A84=$L$5,"Sprint 1 ("&TEXT(A84,"m/d")&")",IF(A84=$L$6,"Sprint 2 ("&TEXT(A84,"m/d")&")",IF(A84=$L$7,"Sprint 3 ("&TEXT(A84,"m/d")&")",IF(A84=$L$8,"Sprint 4 ("&TEXT(A84,"m/d")&")",IF(A84=$L$9,"Sprint 5 ("&TEXT(A84,"m/d")&")",IF(A84=$L$10,"Sprint 6 ("&TEXT(A84,"m/d")&")",IF(A84=$M$10,"Sprint 6 end ("&TEXT(A84,"m/d")&")",IF(D84>0,TEXT(A84,"m/d")," ")))))))) | C84: =MAX(0,$L$13-SUMIFS('Product Backlog'!$I$5:$I$504,'Product Backlog'!$G$5:$G$504,"<="&A84,'Product Backlog'!$G$5:$G$504,">0",'Product Backlog'!$I$5:$I$504,">0")) -> 605 | D84: =SUMIFS('Product Backlog'!$I$5:$I$504,'Product Backlog'!$G$5:$G$504,A84,'Product Backlog'!$G$5:$G$504,">0",'Product Backlog'!$I$5:$I$504,">0") -> 0 | E84: =MAX(0,MIN($L$13,$L$13*($M$10-A84)/($M$10-$L$5))) -> 309.52381 | P84: =B84 | Q84: =C84 -> 605 | R84: =E84 -> 309.52381
A85: =$L$5+59 -> 46333 | B85: =IF(A85=$L$5,"Sprint 1 ("&TEXT(A85,"m/d")&")",IF(A85=$L$6,"Sprint 2 ("&TEXT(A85,"m/d")&")",IF(A85=$L$7,"Sprint 3 ("&TEXT(A85,"m/d")&")",IF(A85=$L$8,"Sprint 4 ("&TEXT(A85,"m/d")&")",IF(A85=$L$9,"Sprint 5 ("&TEXT(A85,"m/d")&")",IF(A85=$L$10,"Sprint 6 ("&TEXT(A85,"m/d")&")",IF(A85=$M$10,"Sprint 6 end ("&TEXT(A85,"m/d")&")",IF(D85>0,TEXT(A85,"m/d")," ")))))))) | C85: =MAX(0,$L$13-SUMIFS('Product Backlog'!$I$5:$I$504,'Product Backlog'!$G$5:$G$504,"<="&A85,'Product Backlog'!$G$5:$G$504,">0",'Product Backlog'!$I$5:$I$504,">0")) -> 605 | D85: =SUMIFS('Product Backlog'!$I$5:$I$504,'Product Backlog'!$G$5:$G$504,A85,'Product Backlog'!$G$5:$G$504,">0",'Product Backlog'!$I$5:$I$504,">0") -> 0 | E85: =MAX(0,MIN($L$13,$L$13*($M$10-A85)/($M$10-$L$5))) -> 297.61905 | P85: =B85 | Q85: =C85 -> 605 | R85: =E85 -> 297.61905
A86: =$L$5+60 -> 46334 | B86: =IF(A86=$L$5,"Sprint 1 ("&TEXT(A86,"m/d")&")",IF(A86=$L$6,"Sprint 2 ("&TEXT(A86,"m/d")&")",IF(A86=$L$7,"Sprint 3 ("&TEXT(A86,"m/d")&")",IF(A86=$L$8,"Sprint 4 ("&TEXT(A86,"m/d")&")",IF(A86=$L$9,"Sprint 5 ("&TEXT(A86,"m/d")&")",IF(A86=$L$10,"Sprint 6 ("&TEXT(A86,"m/d")&")",IF(A86=$M$10,"Sprint 6 end ("&TEXT(A86,"m/d")&")",IF(D86>0,TEXT(A86,"m/d")," ")))))))) | C86: =MAX(0,$L$13-SUMIFS('Product Backlog'!$I$5:$I$504,'Product Backlog'!$G$5:$G$504,"<="&A86,'Product Backlog'!$G$5:$G$504,">0",'Product Backlog'!$I$5:$I$504,">0")) -> 605 | D86: =SUMIFS('Product Backlog'!$I$5:$I$504,'Product Backlog'!$G$5:$G$504,A86,'Product Backlog'!$G$5:$G$504,">0",'Product Backlog'!$I$5:$I$504,">0") -> 0 | E86: =MAX(0,MIN($L$13,$L$13*($M$10-A86)/($M$10-$L$5))) -> 285.71429 | P86: =B86 | Q86: =C86 -> 605 | R86: =E86 -> 285.71429
A87: =$L$5+61 -> 46335 | B87: =IF(A87=$L$5,"Sprint 1 ("&TEXT(A87,"m/d")&")",IF(A87=$L$6,"Sprint 2 ("&TEXT(A87,"m/d")&")",IF(A87=$L$7,"Sprint 3 ("&TEXT(A87,"m/d")&")",IF(A87=$L$8,"Sprint 4 ("&TEXT(A87,"m/d")&")",IF(A87=$L$9,"Sprint 5 ("&TEXT(A87,"m/d")&")",IF(A87=$L$10,"Sprint 6 ("&TEXT(A87,"m/d")&")",IF(A87=$M$10,"Sprint 6 end ("&TEXT(A87,"m/d")&")",IF(D87>0,TEXT(A87,"m/d")," ")))))))) | C87: =MAX(0,$L$13-SUMIFS('Product Backlog'!$I$5:$I$504,'Product Backlog'!$G$5:$G$504,"<="&A87,'Product Backlog'!$G$5:$G$504,">0",'Product Backlog'!$I$5:$I$504,">0")) -> 605 | D87: =SUMIFS('Product Backlog'!$I$5:$I$504,'Product Backlog'!$G$5:$G$504,A87,'Product Backlog'!$G$5:$G$504,">0",'Product Backlog'!$I$5:$I$504,">0") -> 0 | E87: =MAX(0,MIN($L$13,$L$13*($M$10-A87)/($M$10-$L$5))) -> 273.80952 | P87: =B87 | Q87: =C87 -> 605 | R87: =E87 -> 273.80952
A88: =$L$5+62 -> 46336 | B88: =IF(A88=$L$5,"Sprint 1 ("&TEXT(A88,"m/d")&")",IF(A88=$L$6,"Sprint 2 ("&TEXT(A88,"m/d")&")",IF(A88=$L$7,"Sprint 3 ("&TEXT(A88,"m/d")&")",IF(A88=$L$8,"Sprint 4 ("&TEXT(A88,"m/d")&")",IF(A88=$L$9,"Sprint 5 ("&TEXT(A88,"m/d")&")",IF(A88=$L$10,"Sprint 6 ("&TEXT(A88,"m/d")&")",IF(A88=$M$10,"Sprint 6 end ("&TEXT(A88,"m/d")&")",IF(D88>0,TEXT(A88,"m/d")," ")))))))) | C88: =MAX(0,$L$13-SUMIFS('Product Backlog'!$I$5:$I$504,'Product Backlog'!$G$5:$G$504,"<="&A88,'Product Backlog'!$G$5:$G$504,">0",'Product Backlog'!$I$5:$I$504,">0")) -> 605 | D88: =SUMIFS('Product Backlog'!$I$5:$I$504,'Product Backlog'!$G$5:$G$504,A88,'Product Backlog'!$G$5:$G$504,">0",'Product Backlog'!$I$5:$I$504,">0") -> 0 | E88: =MAX(0,MIN($L$13,$L$13*($M$10-A88)/($M$10-$L$5))) -> 261.90476 | P88: =B88 | Q88: =C88 -> 605 | R88: =E88 -> 261.90476
A89: =$L$5+63 -> 46337 | B89: =IF(A89=$L$5,"Sprint 1 ("&TEXT(A89,"m/d")&")",IF(A89=$L$6,"Sprint 2 ("&TEXT(A89,"m/d")&")",IF(A89=$L$7,"Sprint 3 ("&TEXT(A89,"m/d")&")",IF(A89=$L$8,"Sprint 4 ("&TEXT(A89,"m/d")&")",IF(A89=$L$9,"Sprint 5 ("&TEXT(A89,"m/d")&")",IF(A89=$L$10,"Sprint 6 ("&TEXT(A89,"m/d")&")",IF(A89=$M$10,"Sprint 6 end ("&TEXT(A89,"m/d")&")",IF(D89>0,TEXT(A89,"m/d")," ")))))))) | C89: =MAX(0,$L$13-SUMIFS('Product Backlog'!$I$5:$I$504,'Product Backlog'!$G$5:$G$504,"<="&A89,'Product Backlog'!$G$5:$G$504,">0",'Product Backlog'!$I$5:$I$504,">0")) -> 605 | D89: =SUMIFS('Product Backlog'!$I$5:$I$504,'Product Backlog'!$G$5:$G$504,A89,'Product Backlog'!$G$5:$G$504,">0",'Product Backlog'!$I$5:$I$504,">0") -> 0 | E89: =MAX(0,MIN($L$13,$L$13*($M$10-A89)/($M$10-$L$5))) -> 250 | P89: =B89 | Q89: =C89 -> 605 | R89: =E89 -> 250
A90: =$L$5+64 -> 46338 | B90: =IF(A90=$L$5,"Sprint 1 ("&TEXT(A90,"m/d")&")",IF(A90=$L$6,"Sprint 2 ("&TEXT(A90,"m/d")&")",IF(A90=$L$7,"Sprint 3 ("&TEXT(A90,"m/d")&")",IF(A90=$L$8,"Sprint 4 ("&TEXT(A90,"m/d")&")",IF(A90=$L$9,"Sprint 5 ("&TEXT(A90,"m/d")&")",IF(A90=$L$10,"Sprint 6 ("&TEXT(A90,"m/d")&")",IF(A90=$M$10,"Sprint 6 end ("&TEXT(A90,"m/d")&")",IF(D90>0,TEXT(A90,"m/d")," ")))))))) | C90: =MAX(0,$L$13-SUMIFS('Product Backlog'!$I$5:$I$504,'Product Backlog'!$G$5:$G$504,"<="&A90,'Product Backlog'!$G$5:$G$504,">0",'Product Backlog'!$I$5:$I$504,">0")) -> 605 | D90: =SUMIFS('Product Backlog'!$I$5:$I$504,'Product Backlog'!$G$5:$G$504,A90,'Product Backlog'!$G$5:$G$504,">0",'Product Backlog'!$I$5:$I$504,">0") -> 0 | E90: =MAX(0,MIN($L$13,$L$13*($M$10-A90)/($M$10-$L$5))) -> 238.09524 | P90: =B90 | Q90: =C90 -> 605 | R90: =E90 -> 238.09524
A91: =$L$5+65 -> 46339 | B91: =IF(A91=$L$5,"Sprint 1 ("&TEXT(A91,"m/d")&")",IF(A91=$L$6,"Sprint 2 ("&TEXT(A91,"m/d")&")",IF(A91=$L$7,"Sprint 3 ("&TEXT(A91,"m/d")&")",IF(A91=$L$8,"Sprint 4 ("&TEXT(A91,"m/d")&")",IF(A91=$L$9,"Sprint 5 ("&TEXT(A91,"m/d")&")",IF(A91=$L$10,"Sprint 6 ("&TEXT(A91,"m/d")&")",IF(A91=$M$10,"Sprint 6 end ("&TEXT(A91,"m/d")&")",IF(D91>0,TEXT(A91,"m/d")," ")))))))) | C91: =MAX(0,$L$13-SUMIFS('Product Backlog'!$I$5:$I$504,'Product Backlog'!$G$5:$G$504,"<="&A91,'Product Backlog'!$G$5:$G$504,">0",'Product Backlog'!$I$5:$I$504,">0")) -> 605 | D91: =SUMIFS('Product Backlog'!$I$5:$I$504,'Product Backlog'!$G$5:$G$504,A91,'Product Backlog'!$G$5:$G$504,">0",'Product Backlog'!$I$5:$I$504,">0") -> 0 | E91: =MAX(0,MIN($L$13,$L$13*($M$10-A91)/($M$10-$L$5))) -> 226.19048 | P91: =B91 | Q91: =C91 -> 605 | R91: =E91 -> 226.19048
A92: =$L$5+66 -> 46340 | B92: =IF(A92=$L$5,"Sprint 1 ("&TEXT(A92,"m/d")&")",IF(A92=$L$6,"Sprint 2 ("&TEXT(A92,"m/d")&")",IF(A92=$L$7,"Sprint 3 ("&TEXT(A92,"m/d")&")",IF(A92=$L$8,"Sprint 4 ("&TEXT(A92,"m/d")&")",IF(A92=$L$9,"Sprint 5 ("&TEXT(A92,"m/d")&")",IF(A92=$L$10,"Sprint 6 ("&TEXT(A92,"m/d")&")",IF(A92=$M$10,"Sprint 6 end ("&TEXT(A92,"m/d")&")",IF(D92>0,TEXT(A92,"m/d")," ")))))))) | C92: =MAX(0,$L$13-SUMIFS('Product Backlog'!$I$5:$I$504,'Product Backlog'!$G$5:$G$504,"<="&A92,'Product Backlog'!$G$5:$G$504,">0",'Product Backlog'!$I$5:$I$504,">0")) -> 605 | D92: =SUMIFS('Product Backlog'!$I$5:$I$504,'Product Backlog'!$G$5:$G$504,A92,'Product Backlog'!$G$5:$G$504,">0",'Product Backlog'!$I$5:$I$504,">0") -> 0 | E92: =MAX(0,MIN($L$13,$L$13*($M$10-A92)/($M$10-$L$5))) -> 214.28571 | P92: =B92 | Q92: =C92 -> 605 | R92: =E92 -> 214.28571
A93: =$L$5+67 -> 46341 | B93: =IF(A93=$L$5,"Sprint 1 ("&TEXT(A93,"m/d")&")",IF(A93=$L$6,"Sprint 2 ("&TEXT(A93,"m/d")&")",IF(A93=$L$7,"Sprint 3 ("&TEXT(A93,"m/d")&")",IF(A93=$L$8,"Sprint 4 ("&TEXT(A93,"m/d")&")",IF(A93=$L$9,"Sprint 5 ("&TEXT(A93,"m/d")&")",IF(A93=$L$10,"Sprint 6 ("&TEXT(A93,"m/d")&")",IF(A93=$M$10,"Sprint 6 end ("&TEXT(A93,"m/d")&")",IF(D93>0,TEXT(A93,"m/d")," ")))))))) | C93: =MAX(0,$L$13-SUMIFS('Product Backlog'!$I$5:$I$504,'Product Backlog'!$G$5:$G$504,"<="&A93,'Product Backlog'!$G$5:$G$504,">0",'Product Backlog'!$I$5:$I$504,">0")) -> 605 | D93: =SUMIFS('Product Backlog'!$I$5:$I$504,'Product Backlog'!$G$5:$G$504,A93,'Product Backlog'!$G$5:$G$504,">0",'Product Backlog'!$I$5:$I$504,">0") -> 0 | E93: =MAX(0,MIN($L$13,$L$13*($M$10-A93)/($M$10-$L$5))) -> 202.38095 | P93: =B93 | Q93: =C93 -> 605 | R93: =E93 -> 202.38095
A94: =$L$5+68 -> 46342 | B94: =IF(A94=$L$5,"Sprint 1 ("&TEXT(A94,"m/d")&")",IF(A94=$L$6,"Sprint 2 ("&TEXT(A94,"m/d")&")",IF(A94=$L$7,"Sprint 3 ("&TEXT(A94,"m/d")&")",IF(A94=$L$8,"Sprint 4 ("&TEXT(A94,"m/d")&")",IF(A94=$L$9,"Sprint 5 ("&TEXT(A94,"m/d")&")",IF(A94=$L$10,"Sprint 6 ("&TEXT(A94,"m/d")&")",IF(A94=$M$10,"Sprint 6 end ("&TEXT(A94,"m/d")&")",IF(D94>0,TEXT(A94,"m/d")," ")))))))) | C94: =MAX(0,$L$13-SUMIFS('Product Backlog'!$I$5:$I$504,'Product Backlog'!$G$5:$G$504,"<="&A94,'Product Backlog'!$G$5:$G$504,">0",'Product Backlog'!$I$5:$I$504,">0")) -> 605 | D94: =SUMIFS('Product Backlog'!$I$5:$I$504,'Product Backlog'!$G$5:$G$504,A94,'Product Backlog'!$G$5:$G$504,">0",'Product Backlog'!$I$5:$I$504,">0") -> 0 | E94: =MAX(0,MIN($L$13,$L$13*($M$10-A94)/($M$10-$L$5))) -> 190.47619 | P94: =B94 | Q94: =C94 -> 605 | R94: =E94 -> 190.47619
A95: =$L$5+69 -> 46343 | B95: =IF(A95=$L$5,"Sprint 1 ("&TEXT(A95,"m/d")&")",IF(A95=$L$6,"Sprint 2 ("&TEXT(A95,"m/d")&")",IF(A95=$L$7,"Sprint 3 ("&TEXT(A95,"m/d")&")",IF(A95=$L$8,"Sprint 4 ("&TEXT(A95,"m/d")&")",IF(A95=$L$9,"Sprint 5 ("&TEXT(A95,"m/d")&")",IF(A95=$L$10,"Sprint 6 ("&TEXT(A95,"m/d")&")",IF(A95=$M$10,"Sprint 6 end ("&TEXT(A95,"m/d")&")",IF(D95>0,TEXT(A95,"m/d")," ")))))))) | C95: =MAX(0,$L$13-SUMIFS('Product Backlog'!$I$5:$I$504,'Product Backlog'!$G$5:$G$504,"<="&A95,'Product Backlog'!$G$5:$G$504,">0",'Product Backlog'!$I$5:$I$504,">0")) -> 605 | D95: =SUMIFS('Product Backlog'!$I$5:$I$504,'Product Backlog'!$G$5:$G$504,A95,'Product Backlog'!$G$5:$G$504,">0",'Product Backlog'!$I$5:$I$504,">0") -> 0 | E95: =MAX(0,MIN($L$13,$L$13*($M$10-A95)/($M$10-$L$5))) -> 178.57143 | P95: =B95 | Q95: =C95 -> 605 | R95: =E95 -> 178.57143
A96: =$L$5+70 -> 46344 | B96: =IF(A96=$L$5,"Sprint 1 ("&TEXT(A96,"m/d")&")",IF(A96=$L$6,"Sprint 2 ("&TEXT(A96,"m/d")&")",IF(A96=$L$7,"Sprint 3 ("&TEXT(A96,"m/d")&")",IF(A96=$L$8,"Sprint 4 ("&TEXT(A96,"m/d")&")",IF(A96=$L$9,"Sprint 5 ("&TEXT(A96,"m/d")&")",IF(A96=$L$10,"Sprint 6 ("&TEXT(A96,"m/d")&")",IF(A96=$M$10,"Sprint 6 end ("&TEXT(A96,"m/d")&")",IF(D96>0,TEXT(A96,"m/d")," ")))))))) -> Sprint 6 (11/18) | C96: =MAX(0,$L$13-SUMIFS('Product Backlog'!$I$5:$I$504,'Product Backlog'!$G$5:$G$504,"<="&A96,'Product Backlog'!$G$5:$G$504,">0",'Product Backlog'!$I$5:$I$504,">0")) -> 605 | D96: =SUMIFS('Product Backlog'!$I$5:$I$504,'Product Backlog'!$G$5:$G$504,A96,'Product Backlog'!$G$5:$G$504,">0",'Product Backlog'!$I$5:$I$504,">0") -> 0 | E96: =MAX(0,MIN($L$13,$L$13*($M$10-A96)/($M$10-$L$5))) -> 166.66667 | P96: =B96 -> Sprint 6 (11/18) | Q96: =C96 -> 605 | R96: =E96 -> 166.66667
A97: =$L$5+71 -> 46345 | B97: =IF(A97=$L$5,"Sprint 1 ("&TEXT(A97,"m/d")&")",IF(A97=$L$6,"Sprint 2 ("&TEXT(A97,"m/d")&")",IF(A97=$L$7,"Sprint 3 ("&TEXT(A97,"m/d")&")",IF(A97=$L$8,"Sprint 4 ("&TEXT(A97,"m/d")&")",IF(A97=$L$9,"Sprint 5 ("&TEXT(A97,"m/d")&")",IF(A97=$L$10,"Sprint 6 ("&TEXT(A97,"m/d")&")",IF(A97=$M$10,"Sprint 6 end ("&TEXT(A97,"m/d")&")",IF(D97>0,TEXT(A97,"m/d")," ")))))))) | C97: =MAX(0,$L$13-SUMIFS('Product Backlog'!$I$5:$I$504,'Product Backlog'!$G$5:$G$504,"<="&A97,'Product Backlog'!$G$5:$G$504,">0",'Product Backlog'!$I$5:$I$504,">0")) -> 605 | D97: =SUMIFS('Product Backlog'!$I$5:$I$504,'Product Backlog'!$G$5:$G$504,A97,'Product Backlog'!$G$5:$G$504,">0",'Product Backlog'!$I$5:$I$504,">0") -> 0 | E97: =MAX(0,MIN($L$13,$L$13*($M$10-A97)/($M$10-$L$5))) -> 154.7619 | P97: =B97 | Q97: =C97 -> 605 | R97: =E97 -> 154.7619
A98: =$L$5+72 -> 46346 | B98: =IF(A98=$L$5,"Sprint 1 ("&TEXT(A98,"m/d")&")",IF(A98=$L$6,"Sprint 2 ("&TEXT(A98,"m/d")&")",IF(A98=$L$7,"Sprint 3 ("&TEXT(A98,"m/d")&")",IF(A98=$L$8,"Sprint 4 ("&TEXT(A98,"m/d")&")",IF(A98=$L$9,"Sprint 5 ("&TEXT(A98,"m/d")&")",IF(A98=$L$10,"Sprint 6 ("&TEXT(A98,"m/d")&")",IF(A98=$M$10,"Sprint 6 end ("&TEXT(A98,"m/d")&")",IF(D98>0,TEXT(A98,"m/d")," ")))))))) | C98: =MAX(0,$L$13-SUMIFS('Product Backlog'!$I$5:$I$504,'Product Backlog'!$G$5:$G$504,"<="&A98,'Product Backlog'!$G$5:$G$504,">0",'Product Backlog'!$I$5:$I$504,">0")) -> 605 | D98: =SUMIFS('Product Backlog'!$I$5:$I$504,'Product Backlog'!$G$5:$G$504,A98,'Product Backlog'!$G$5:$G$504,">0",'Product Backlog'!$I$5:$I$504,">0") -> 0 | E98: =MAX(0,MIN($L$13,$L$13*($M$10-A98)/($M$10-$L$5))) -> 142.85714 | P98: =B98 | Q98: =C98 -> 605 | R98: =E98 -> 142.85714
A99: =$L$5+73 -> 46347 | B99: =IF(A99=$L$5,"Sprint 1 ("&TEXT(A99,"m/d")&")",IF(A99=$L$6,"Sprint 2 ("&TEXT(A99,"m/d")&")",IF(A99=$L$7,"Sprint 3 ("&TEXT(A99,"m/d")&")",IF(A99=$L$8,"Sprint 4 ("&TEXT(A99,"m/d")&")",IF(A99=$L$9,"Sprint 5 ("&TEXT(A99,"m/d")&")",IF(A99=$L$10,"Sprint 6 ("&TEXT(A99,"m/d")&")",IF(A99=$M$10,"Sprint 6 end ("&TEXT(A99,"m/d")&")",IF(D99>0,TEXT(A99,"m/d")," ")))))))) | C99: =MAX(0,$L$13-SUMIFS('Product Backlog'!$I$5:$I$504,'Product Backlog'!$G$5:$G$504,"<="&A99,'Product Backlog'!$G$5:$G$504,">0",'Product Backlog'!$I$5:$I$504,">0")) -> 605 | D99: =SUMIFS('Product Backlog'!$I$5:$I$504,'Product Backlog'!$G$5:$G$504,A99,'Product Backlog'!$G$5:$G$504,">0",'Product Backlog'!$I$5:$I$504,">0") -> 0 | E99: =MAX(0,MIN($L$13,$L$13*($M$10-A99)/($M$10-$L$5))) -> 130.95238 | P99: =B99 | Q99: =C99 -> 605 | R99: =E99 -> 130.95238
A100: =$L$5+74 -> 46348 | B100: =IF(A100=$L$5,"Sprint 1 ("&TEXT(A100,"m/d")&")",IF(A100=$L$6,"Sprint 2 ("&TEXT(A100,"m/d")&")",IF(A100=$L$7,"Sprint 3 ("&TEXT(A100,"m/d")&")",IF(A100=$L$8,"Sprint 4 ("&TEXT(A100,"m/d")&")",IF(A100=$L$9,"Sprint 5 ("&TEXT(A100,"m/d")&")",IF(A100=$L$10,"Sprint 6 ("&TEXT(A100,"m/d")&")",IF(A100=$M$10,"Sprint 6 end ("&TEXT(A100,"m/d")&")",IF(D100>0,TEXT(A100,"m/d")," ")))))))) | C100: =MAX(0,$L$13-SUMIFS('Product Backlog'!$I$5:$I$504,'Product Backlog'!$G$5:$G$504,"<="&A100,'Product Backlog'!$G$5:$G$504,">0",'Product Backlog'!$I$5:$I$504,">0")) -> 605 | D100: =SUMIFS('Product Backlog'!$I$5:$I$504,'Product Backlog'!$G$5:$G$504,A100,'Product Backlog'!$G$5:$G$504,">0",'Product Backlog'!$I$5:$I$504,">0") -> 0 | E100: =MAX(0,MIN($L$13,$L$13*($M$10-A100)/($M$10-$L$5))) -> 119.04762 | P100: =B100 | Q100: =C100 -> 605 | R100: =E100 -> 119.04762
A101: =$L$5+75 -> 46349 | B101: =IF(A101=$L$5,"Sprint 1 ("&TEXT(A101,"m/d")&")",IF(A101=$L$6,"Sprint 2 ("&TEXT(A101,"m/d")&")",IF(A101=$L$7,"Sprint 3 ("&TEXT(A101,"m/d")&")",IF(A101=$L$8,"Sprint 4 ("&TEXT(A101,"m/d")&")",IF(A101=$L$9,"Sprint 5 ("&TEXT(A101,"m/d")&")",IF(A101=$L$10,"Sprint 6 ("&TEXT(A101,"m/d")&")",IF(A101=$M$10,"Sprint 6 end ("&TEXT(A101,"m/d")&")",IF(D101>0,TEXT(A101,"m/d")," ")))))))) | C101: =MAX(0,$L$13-SUMIFS('Product Backlog'!$I$5:$I$504,'Product Backlog'!$G$5:$G$504,"<="&A101,'Product Backlog'!$G$5:$G$504,">0",'Product Backlog'!$I$5:$I$504,">0")) -> 605 | D101: =SUMIFS('Product Backlog'!$I$5:$I$504,'Product Backlog'!$G$5:$G$504,A101,'Product Backlog'!$G$5:$G$504,">0",'Product Backlog'!$I$5:$I$504,">0") -> 0 | E101: =MAX(0,MIN($L$13,$L$13*($M$10-A101)/($M$10-$L$5))) -> 107.14286 | P101: =B101 | Q101: =C101 -> 605 | R101: =E101 -> 107.14286
A102: =$L$5+76 -> 46350 | B102: =IF(A102=$L$5,"Sprint 1 ("&TEXT(A102,"m/d")&")",IF(A102=$L$6,"Sprint 2 ("&TEXT(A102,"m/d")&")",IF(A102=$L$7,"Sprint 3 ("&TEXT(A102,"m/d")&")",IF(A102=$L$8,"Sprint 4 ("&TEXT(A102,"m/d")&")",IF(A102=$L$9,"Sprint 5 ("&TEXT(A102,"m/d")&")",IF(A102=$L$10,"Sprint 6 ("&TEXT(A102,"m/d")&")",IF(A102=$M$10,"Sprint 6 end ("&TEXT(A102,"m/d")&")",IF(D102>0,TEXT(A102,"m/d")," ")))))))) | C102: =MAX(0,$L$13-SUMIFS('Product Backlog'!$I$5:$I$504,'Product Backlog'!$G$5:$G$504,"<="&A102,'Product Backlog'!$G$5:$G$504,">0",'Product Backlog'!$I$5:$I$504,">0")) -> 605 | D102: =SUMIFS('Product Backlog'!$I$5:$I$504,'Product Backlog'!$G$5:$G$504,A102,'Product Backlog'!$G$5:$G$504,">0",'Product Backlog'!$I$5:$I$504,">0") -> 0 | E102: =MAX(0,MIN($L$13,$L$13*($M$10-A102)/($M$10-$L$5))) -> 95.238095 | P102: =B102 | Q102: =C102 -> 605 | R102: =E102 -> 95.238095
A103: =$L$5+77 -> 46351 | B103: =IF(A103=$L$5,"Sprint 1 ("&TEXT(A103,"m/d")&")",IF(A103=$L$6,"Sprint 2 ("&TEXT(A103,"m/d")&")",IF(A103=$L$7,"Sprint 3 ("&TEXT(A103,"m/d")&")",IF(A103=$L$8,"Sprint 4 ("&TEXT(A103,"m/d")&")",IF(A103=$L$9,"Sprint 5 ("&TEXT(A103,"m/d")&")",IF(A103=$L$10,"Sprint 6 ("&TEXT(A103,"m/d")&")",IF(A103=$M$10,"Sprint 6 end ("&TEXT(A103,"m/d")&")",IF(D103>0,TEXT(A103,"m/d")," ")))))))) | C103: =MAX(0,$L$13-SUMIFS('Product Backlog'!$I$5:$I$504,'Product Backlog'!$G$5:$G$504,"<="&A103,'Product Backlog'!$G$5:$G$504,">0",'Product Backlog'!$I$5:$I$504,">0")) -> 605 | D103: =SUMIFS('Product Backlog'!$I$5:$I$504,'Product Backlog'!$G$5:$G$504,A103,'Product Backlog'!$G$5:$G$504,">0",'Product Backlog'!$I$5:$I$504,">0") -> 0 | E103: =MAX(0,MIN($L$13,$L$13*($M$10-A103)/($M$10-$L$5))) -> 83.333333 | P103: =B103 | Q103: =C103 -> 605 | R103: =E103 -> 83.333333
A104: =$L$5+78 -> 46352 | B104: =IF(A104=$L$5,"Sprint 1 ("&TEXT(A104,"m/d")&")",IF(A104=$L$6,"Sprint 2 ("&TEXT(A104,"m/d")&")",IF(A104=$L$7,"Sprint 3 ("&TEXT(A104,"m/d")&")",IF(A104=$L$8,"Sprint 4 ("&TEXT(A104,"m/d")&")",IF(A104=$L$9,"Sprint 5 ("&TEXT(A104,"m/d")&")",IF(A104=$L$10,"Sprint 6 ("&TEXT(A104,"m/d")&")",IF(A104=$M$10,"Sprint 6 end ("&TEXT(A104,"m/d")&")",IF(D104>0,TEXT(A104,"m/d")," ")))))))) | C104: =MAX(0,$L$13-SUMIFS('Product Backlog'!$I$5:$I$504,'Product Backlog'!$G$5:$G$504,"<="&A104,'Product Backlog'!$G$5:$G$504,">0",'Product Backlog'!$I$5:$I$504,">0")) -> 605 | D104: =SUMIFS('Product Backlog'!$I$5:$I$504,'Product Backlog'!$G$5:$G$504,A104,'Product Backlog'!$G$5:$G$504,">0",'Product Backlog'!$I$5:$I$504,">0") -> 0 | E104: =MAX(0,MIN($L$13,$L$13*($M$10-A104)/($M$10-$L$5))) -> 71.428571 | P104: =B104 | Q104: =C104 -> 605 | R104: =E104 -> 71.428571
A105: =$L$5+79 -> 46353 | B105: =IF(A105=$L$5,"Sprint 1 ("&TEXT(A105,"m/d")&")",IF(A105=$L$6,"Sprint 2 ("&TEXT(A105,"m/d")&")",IF(A105=$L$7,"Sprint 3 ("&TEXT(A105,"m/d")&")",IF(A105=$L$8,"Sprint 4 ("&TEXT(A105,"m/d")&")",IF(A105=$L$9,"Sprint 5 ("&TEXT(A105,"m/d")&")",IF(A105=$L$10,"Sprint 6 ("&TEXT(A105,"m/d")&")",IF(A105=$M$10,"Sprint 6 end ("&TEXT(A105,"m/d")&")",IF(D105>0,TEXT(A105,"m/d")," ")))))))) | C105: =MAX(0,$L$13-SUMIFS('Product Backlog'!$I$5:$I$504,'Product Backlog'!$G$5:$G$504,"<="&A105,'Product Backlog'!$G$5:$G$504,">0",'Product Backlog'!$I$5:$I$504,">0")) -> 605 | D105: =SUMIFS('Product Backlog'!$I$5:$I$504,'Product Backlog'!$G$5:$G$504,A105,'Product Backlog'!$G$5:$G$504,">0",'Product Backlog'!$I$5:$I$504,">0") -> 0 | E105: =MAX(0,MIN($L$13,$L$13*($M$10-A105)/($M$10-$L$5))) -> 59.52381 | P105: =B105 | Q105: =C105 -> 605 | R105: =E105 -> 59.52381
A106: =$L$5+80 -> 46354 | B106: =IF(A106=$L$5,"Sprint 1 ("&TEXT(A106,"m/d")&")",IF(A106=$L$6,"Sprint 2 ("&TEXT(A106,"m/d")&")",IF(A106=$L$7,"Sprint 3 ("&TEXT(A106,"m/d")&")",IF(A106=$L$8,"Sprint 4 ("&TEXT(A106,"m/d")&")",IF(A106=$L$9,"Sprint 5 ("&TEXT(A106,"m/d")&")",IF(A106=$L$10,"Sprint 6 ("&TEXT(A106,"m/d")&")",IF(A106=$M$10,"Sprint 6 end ("&TEXT(A106,"m/d")&")",IF(D106>0,TEXT(A106,"m/d")," ")))))))) | C106: =MAX(0,$L$13-SUMIFS('Product Backlog'!$I$5:$I$504,'Product Backlog'!$G$5:$G$504,"<="&A106,'Product Backlog'!$G$5:$G$504,">0",'Product Backlog'!$I$5:$I$504,">0")) -> 605 | D106: =SUMIFS('Product Backlog'!$I$5:$I$504,'Product Backlog'!$G$5:$G$504,A106,'Product Backlog'!$G$5:$G$504,">0",'Product Backlog'!$I$5:$I$504,">0") -> 0 | E106: =MAX(0,MIN($L$13,$L$13*($M$10-A106)/($M$10-$L$5))) -> 47.619048 | P106: =B106 | Q106: =C106 -> 605 | R106: =E106 -> 47.619048
A107: =$L$5+81 -> 46355 | B107: =IF(A107=$L$5,"Sprint 1 ("&TEXT(A107,"m/d")&")",IF(A107=$L$6,"Sprint 2 ("&TEXT(A107,"m/d")&")",IF(A107=$L$7,"Sprint 3 ("&TEXT(A107,"m/d")&")",IF(A107=$L$8,"Sprint 4 ("&TEXT(A107,"m/d")&")",IF(A107=$L$9,"Sprint 5 ("&TEXT(A107,"m/d")&")",IF(A107=$L$10,"Sprint 6 ("&TEXT(A107,"m/d")&")",IF(A107=$M$10,"Sprint 6 end ("&TEXT(A107,"m/d")&")",IF(D107>0,TEXT(A107,"m/d")," ")))))))) | C107: =MAX(0,$L$13-SUMIFS('Product Backlog'!$I$5:$I$504,'Product Backlog'!$G$5:$G$504,"<="&A107,'Product Backlog'!$G$5:$G$504,">0",'Product Backlog'!$I$5:$I$504,">0")) -> 605 | D107: =SUMIFS('Product Backlog'!$I$5:$I$504,'Product Backlog'!$G$5:$G$504,A107,'Product Backlog'!$G$5:$G$504,">0",'Product Backlog'!$I$5:$I$504,">0") -> 0 | E107: =MAX(0,MIN($L$13,$L$13*($M$10-A107)/($M$10-$L$5))) -> 35.714286 | P107: =B107 | Q107: =C107 -> 605 | R107: =E107 -> 35.714286
A108: =$L$5+82 -> 46356 | B108: =IF(A108=$L$5,"Sprint 1 ("&TEXT(A108,"m/d")&")",IF(A108=$L$6,"Sprint 2 ("&TEXT(A108,"m/d")&")",IF(A108=$L$7,"Sprint 3 ("&TEXT(A108,"m/d")&")",IF(A108=$L$8,"Sprint 4 ("&TEXT(A108,"m/d")&")",IF(A108=$L$9,"Sprint 5 ("&TEXT(A108,"m/d")&")",IF(A108=$L$10,"Sprint 6 ("&TEXT(A108,"m/d")&")",IF(A108=$M$10,"Sprint 6 end ("&TEXT(A108,"m/d")&")",IF(D108>0,TEXT(A108,"m/d")," ")))))))) | C108: =MAX(0,$L$13-SUMIFS('Product Backlog'!$I$5:$I$504,'Product Backlog'!$G$5:$G$504,"<="&A108,'Product Backlog'!$G$5:$G$504,">0",'Product Backlog'!$I$5:$I$504,">0")) -> 605 | D108: =SUMIFS('Product Backlog'!$I$5:$I$504,'Product Backlog'!$G$5:$G$504,A108,'Product Backlog'!$G$5:$G$504,">0",'Product Backlog'!$I$5:$I$504,">0") -> 0 | E108: =MAX(0,MIN($L$13,$L$13*($M$10-A108)/($M$10-$L$5))) -> 23.809524 | P108: =B108 | Q108: =C108 -> 605 | R108: =E108 -> 23.809524
A109: =$L$5+83 -> 46357 | B109: =IF(A109=$L$5,"Sprint 1 ("&TEXT(A109,"m/d")&")",IF(A109=$L$6,"Sprint 2 ("&TEXT(A109,"m/d")&")",IF(A109=$L$7,"Sprint 3 ("&TEXT(A109,"m/d")&")",IF(A109=$L$8,"Sprint 4 ("&TEXT(A109,"m/d")&")",IF(A109=$L$9,"Sprint 5 ("&TEXT(A109,"m/d")&")",IF(A109=$L$10,"Sprint 6 ("&TEXT(A109,"m/d")&")",IF(A109=$M$10,"Sprint 6 end ("&TEXT(A109,"m/d")&")",IF(D109>0,TEXT(A109,"m/d")," ")))))))) | C109: =MAX(0,$L$13-SUMIFS('Product Backlog'!$I$5:$I$504,'Product Backlog'!$G$5:$G$504,"<="&A109,'Product Backlog'!$G$5:$G$504,">0",'Product Backlog'!$I$5:$I$504,">0")) -> 605 | D109: =SUMIFS('Product Backlog'!$I$5:$I$504,'Product Backlog'!$G$5:$G$504,A109,'Product Backlog'!$G$5:$G$504,">0",'Product Backlog'!$I$5:$I$504,">0") -> 0 | E109: =MAX(0,MIN($L$13,$L$13*($M$10-A109)/($M$10-$L$5))) -> 11.904762 | P109: =B109 | Q109: =C109 -> 605 | R109: =E109 -> 11.904762
A110: =$L$5+84 -> 46358 | B110: =IF(A110=$L$5,"Sprint 1 ("&TEXT(A110,"m/d")&")",IF(A110=$L$6,"Sprint 2 ("&TEXT(A110,"m/d")&")",IF(A110=$L$7,"Sprint 3 ("&TEXT(A110,"m/d")&")",IF(A110=$L$8,"Sprint 4 ("&TEXT(A110,"m/d")&")",IF(A110=$L$9,"Sprint 5 ("&TEXT(A110,"m/d")&")",IF(A110=$L$10,"Sprint 6 ("&TEXT(A110,"m/d")&")",IF(A110=$M$10,"Sprint 6 end ("&TEXT(A110,"m/d")&")",IF(D110>0,TEXT(A110,"m/d")," ")))))))) -> Sprint 6 end (12/2) | C110: =MAX(0,$L$13-SUMIFS('Product Backlog'!$I$5:$I$504,'Product Backlog'!$G$5:$G$504,"<="&A110,'Product Backlog'!$G$5:$G$504,">0",'Product Backlog'!$I$5:$I$504,">0")) -> 605 | D110: =SUMIFS('Product Backlog'!$I$5:$I$504,'Product Backlog'!$G$5:$G$504,A110,'Product Backlog'!$G$5:$G$504,">0",'Product Backlog'!$I$5:$I$504,">0") -> 0 | E110: =MAX(0,MIN($L$13,$L$13*($M$10-A110)/($M$10-$L$5))) -> 0 | P110: =B110 -> Sprint 6 end (12/2) | Q110: =C110 -> 605 | R110: =E110 -> 0
...

Sheet Sprint 1
A1: Sprint 1
A2: Sprint 1 records and backlog view. Edit task details on the Product Backlog sheet; this view updates from the Sprint #.
A4: Sprint # | B4: 1 | D4: Start date | E4: 46274 | G4: End date | H4: 46283 | K4: Historical note: Sprint 1 records Task #4’s RSS demo as implemented on 9/16/2026. The Product Backlog keeps the remaining RSS work assigned to Sprint 2, so Task #4 is not duplicated in this sprint’s automatic backlog view.
A5: Sprint goal | B5: Create a basic webserver and WebUI to serve over domain (esof423.csit.help) Wire up RSS implementation Find client
A7: Tasks | B7: =COUNTIFS('Product Backlog'!$B$5:$B$504,1,'Product Backlog'!$C$5:$C$504,"<>") -> 3 | C7: Completed | D7: =COUNTIFS('Product Backlog'!$B$5:$B$504,1,'Product Backlog'!$D$5:$D$504,"Done")+COUNTIFS('Product Backlog'!$B$5:$B$504,1,'Product Backlog'!$D$5:$D$504,"Completed") -> 3 | E7: Hours logged | F7: =SUMIFS('Product Backlog'!$H$5:$H$504,'Product Backlog'!$B$5:$B$504,1) -> 3.5 | G7: Work points | H7: =SUMIFS('Product Backlog'!$I$5:$I$504,'Product Backlog'!$B$5:$B$504,1) -> 95
A8: Auto-generated view. Do not enter tasks here; add or change them on Product Backlog.
A9: Task # | B9: Sprint # | C9: Task description | D9: Status | E9: Maintainer | F9: Date added | G9: Date completed | H9: Hours to complete | I9: Work points assigned
A10: =IF($J10="","",IF(ISBLANK(INDEX('Product Backlog'!$A$5:$A$504,$J10)),"",INDEX('Product Backlog'!$A$5:$A$504,$J10))) -> 1 | B10: =IF($J10="","",IF(ISBLANK(INDEX('Product Backlog'!$B$5:$B$504,$J10)),"",INDEX('Product Backlog'!$B$5:$B$504,$J10))) -> 1 | C10: =IF($J10="","",IF(ISBLANK(INDEX('Product Backlog'!$C$5:$C$504,$J10)),"",INDEX('Product Backlog'!$C$5:$C$504,$J10))) -> Basic webpage and repo setup | D10: =IF($J10="","",IF(ISBLANK(INDEX('Product Backlog'!$D$5:$D$504,$J10)),"",INDEX('Product Backlog'!$D$5:$D$504,$J10))) -> Done | E10: =IF($J10="","",IF(ISBLANK(INDEX('Product Backlog'!$E$5:$E$504,$J10)),"",INDEX('Product Backlog'!$E$5:$E$504,$J10))) -> chropic | F10: =IF($J10="","",IF(ISBLANK(INDEX('Product Backlog'!$F$5:$F$504,$J10)),"",INDEX('Product Backlog'!$F$5:$F$504,$J10))) -> 46274 | G10: =IF($J10="","",IF(ISBLANK(INDEX('Product Backlog'!$G$5:$G$504,$J10)),"",INDEX('Product Backlog'!$G$5:$G$504,$J10))) -> 46276 | H10: =IF($J10="","",IF(ISBLANK(INDEX('Product Backlog'!$H$5:$H$504,$J10)),"",INDEX('Product Backlog'!$H$5:$H$504,$J10))) -> 0.5 | I10: =IF($J10="","",IF(ISBLANK(INDEX('Product Backlog'!$I$5:$I$504,$J10)),"",INDEX('Product Backlog'!$I$5:$I$504,$J10))) -> 25 | J10: =IFERROR(MATCH($B$4&"-"&ROWS($A$10:A10),'Product Backlog'!$J$5:$J$504,0),"") -> 1
A11: =IF($J11="","",IF(ISBLANK(INDEX('Product Backlog'!$A$5:$A$504,$J11)),"",INDEX('Product Backlog'!$A$5:$A$504,$J11))) -> 2 | B11: =IF($J11="","",IF(ISBLANK(INDEX('Product Backlog'!$B$5:$B$504,$J11)),"",INDEX('Product Backlog'!$B$5:$B$504,$J11))) -> 1 | C11: =IF($J11="","",IF(ISBLANK(INDEX('Product Backlog'!$C$5:$C$504,$J11)),"",INDEX('Product Backlog'!$C$5:$C$504,$J11))) -> Actual web interface and demo features | D11: =IF($J11="","",IF(ISBLANK(INDEX('Product Backlog'!$D$5:$D$504,$J11)),"",INDEX('Product Backlog'!$D$5:$D$504,$J11))) -> Done | E11: oogwaysprophecy732 | F11: =IF($J11="","",IF(ISBLANK(INDEX('Product Backlog'!$F$5:$F$504,$J11)),"",INDEX('Product Backlog'!$F$5:$F$504,$J11))) -> 46274 | G11: =IF($J11="","",IF(ISBLANK(INDEX('Product Backlog'!$G$5:$G$504,$J11)),"",INDEX('Product Backlog'!$G$5:$G$504,$J11))) -> 46281 | H11: =IF($J11="","",IF(ISBLANK(INDEX('Product Backlog'!$H$5:$H$504,$J11)),"",INDEX('Product Backlog'!$H$5:$H$504,$J11))) -> 2 | I11: =IF($J11="","",IF(ISBLANK(INDEX('Product Backlog'!$I$5:$I$504,$J11)),"",INDEX('Product Backlog'!$I$5:$I$504,$J11))) -> 55 | J11: =IFERROR(MATCH($B$4&"-"&ROWS($A$10:A11),'Product Backlog'!$J$5:$J$504,0),"") -> 2
A12: =IF($J12="","",IF(ISBLANK(INDEX('Product Backlog'!$A$5:$A$504,$J12)),"",INDEX('Product Backlog'!$A$5:$A$504,$J12))) -> 3 | B12: =IF($J12="","",IF(ISBLANK(INDEX('Product Backlog'!$B$5:$B$504,$J12)),"",INDEX('Product Backlog'!$B$5:$B$504,$J12))) -> 1 | C12: =IF($J12="","",IF(ISBLANK(INDEX('Product Backlog'!$C$5:$C$504,$J12)),"",INDEX('Product Backlog'!$C$5:$C$504,$J12))) -> Find client and update README | D12: =IF($J12="","",IF(ISBLANK(INDEX('Product Backlog'!$D$5:$D$504,$J12)),"",INDEX('Product Backlog'!$D$5:$D$504,$J12))) -> Done | E12: =IF($J12="","",IF(ISBLANK(INDEX('Product Backlog'!$E$5:$E$504,$J12)),"",INDEX('Product Backlog'!$E$5:$E$504,$J12))) -> chropic | F12: =IF($J12="","",IF(ISBLANK(INDEX('Product Backlog'!$F$5:$F$504,$J12)),"",INDEX('Product Backlog'!$F$5:$F$504,$J12))) -> 46274 | G12: =IF($J12="","",IF(ISBLANK(INDEX('Product Backlog'!$G$5:$G$504,$J12)),"",INDEX('Product Backlog'!$G$5:$G$504,$J12))) -> 46283 | H12: =IF($J12="","",IF(ISBLANK(INDEX('Product Backlog'!$H$5:$H$504,$J12)),"",INDEX('Product Backlog'!$H$5:$H$504,$J12))) -> 1 | I12: =IF($J12="","",IF(ISBLANK(INDEX('Product Backlog'!$I$5:$I$504,$J12)),"",INDEX('Product Backlog'!$I$5:$I$504,$J12))) -> 15 | J12: =IFERROR(MATCH($B$4&"-"&ROWS($A$10:A12),'Product Backlog'!$J$5:$J$504,0),"") -> 3
A13: =IF($J13="","",IF(ISBLANK(INDEX('Product Backlog'!$A$5:$A$504,$J13)),"",INDEX('Product Backlog'!$A$5:$A$504,$J13))) | B13: =IF($J13="","",IF(ISBLANK(INDEX('Product Backlog'!$B$5:$B$504,$J13)),"",INDEX('Product Backlog'!$B$5:$B$504,$J13))) | C13: =IF($J13="","",IF(ISBLANK(INDEX('Product Backlog'!$C$5:$C$504,$J13)),"",INDEX('Product Backlog'!$C$5:$C$504,$J13))) | D13: =IF($J13="","",IF(ISBLANK(INDEX('Product Backlog'!$D$5:$D$504,$J13)),"",INDEX('Product Backlog'!$D$5:$D$504,$J13))) | E13: =IF($J13="","",IF(ISBLANK(INDEX('Product Backlog'!$E$5:$E$504,$J13)),"",INDEX('Product Backlog'!$E$5:$E$504,$J13))) | F13: =IF($J13="","",IF(ISBLANK(INDEX('Product Backlog'!$F$5:$F$504,$J13)),"",INDEX('Product Backlog'!$F$5:$F$504,$J13))) | G13: =IF($J13="","",IF(ISBLANK(INDEX('Product Backlog'!$G$5:$G$504,$J13)),"",INDEX('Product Backlog'!$G$5:$G$504,$J13))) | H13: =IF($J13="","",IF(ISBLANK(INDEX('Product Backlog'!$H$5:$H$504,$J13)),"",INDEX('Product Backlog'!$H$5:$H$504,$J13))) | I13: =IF($J13="","",IF(ISBLANK(INDEX('Product Backlog'!$I$5:$I$504,$J13)),"",INDEX('Product Backlog'!$I$5:$I$504,$J13))) | J13: =IFERROR(MATCH($B$4&"-"&ROWS($A$10:A13),'Product Backlog'!$J$5:$J$504,0),"")
A14: =IF($J14="","",IF(ISBLANK(INDEX('Product Backlog'!$A$5:$A$504,$J14)),"",INDEX('Product Backlog'!$A$5:$A$504,$J14))) | B14: =IF($J14="","",IF(ISBLANK(INDEX('Product Backlog'!$B$5:$B$504,$J14)),"",INDEX('Product Backlog'!$B$5:$B$504,$J14))) | C14: =IF($J14="","",IF(ISBLANK(INDEX('Product Backlog'!$C$5:$C$504,$J14)),"",INDEX('Product Backlog'!$C$5:$C$504,$J14))) | D14: =IF($J14="","",IF(ISBLANK(INDEX('Product Backlog'!$D$5:$D$504,$J14)),"",INDEX('Product Backlog'!$D$5:$D$504,$J14))) | E14: =IF($J14="","",IF(ISBLANK(INDEX('Product Backlog'!$E$5:$E$504,$J14)),"",INDEX('Product Backlog'!$E$5:$E$504,$J14))) | F14: =IF($J14="","",IF(ISBLANK(INDEX('Product Backlog'!$F$5:$F$504,$J14)),"",INDEX('Product Backlog'!$F$5:$F$504,$J14))) | G14: =IF($J14="","",IF(ISBLANK(INDEX('Product Backlog'!$G$5:$G$504,$J14)),"",INDEX('Product Backlog'!$G$5:$G$504,$J14))) | H14: =IF($J14="","",IF(ISBLANK(INDEX('Product Backlog'!$H$5:$H$504,$J14)),"",INDEX('Product Backlog'!$H$5:$H$504,$J14))) | I14: =IF($J14="","",IF(ISBLANK(INDEX('Product Backlog'!$I$5:$I$504,$J14)),"",INDEX('Product Backlog'!$I$5:$I$504,$J14))) | J14: =IFERROR(MATCH($B$4&"-"&ROWS($A$10:A14),'Product Backlog'!$J$5:$J$504,0),"")
A15: =IF($J15="","",IF(ISBLANK(INDEX('Product Backlog'!$A$5:$A$504,$J15)),"",INDEX('Product Backlog'!$A$5:$A$504,$J15))) | B15: =IF($J15="","",IF(ISBLANK(INDEX('Product Backlog'!$B$5:$B$504,$J15)),"",INDEX('Product Backlog'!$B$5:$B$504,$J15))) | C15: =IF($J15="","",IF(ISBLANK(INDEX('Product Backlog'!$C$5:$C$504,$J15)),"",INDEX('Product Backlog'!$C$5:$C$504,$J15))) | D15: =IF($J15="","",IF(ISBLANK(INDEX('Product Backlog'!$D$5:$D$504,$J15)),"",INDEX('Product Backlog'!$D$5:$D$504,$J15))) | E15: =IF($J15="","",IF(ISBLANK(INDEX('Product Backlog'!$E$5:$E$504,$J15)),"",INDEX('Product Backlog'!$E$5:$E$504,$J15))) | F15: =IF($J15="","",IF(ISBLANK(INDEX('Product Backlog'!$F$5:$F$504,$J15)),"",INDEX('Product Backlog'!$F$5:$F$504,$J15))) | G15: =IF($J15="","",IF(ISBLANK(INDEX('Product Backlog'!$G$5:$G$504,$J15)),"",INDEX('Product Backlog'!$G$5:$G$504,$J15))) | H15: =IF($J15="","",IF(ISBLANK(INDEX('Product Backlog'!$H$5:$H$504,$J15)),"",INDEX('Product Backlog'!$H$5:$H$504,$J15))) | I15: =IF($J15="","",IF(ISBLANK(INDEX('Product Backlog'!$I$5:$I$504,$J15)),"",INDEX('Product Backlog'!$I$5:$I$504,$J15))) | J15: =IFERROR(MATCH($B$4&"-"&ROWS($A$10:A15),'Product Backlog'!$J$5:$J$504,0),"")
A16: =IF($J16="","",IF(ISBLANK(INDEX('Product Backlog'!$A$5:$A$504,$J16)),"",INDEX('Product Backlog'!$A$5:$A$504,$J16))) | B16: =IF($J16="","",IF(ISBLANK(INDEX('Product Backlog'!$B$5:$B$504,$J16)),"",INDEX('Product Backlog'!$B$5:$B$504,$J16))) | C16: =IF($J16="","",IF(ISBLANK(INDEX('Product Backlog'!$C$5:$C$504,$J16)),"",INDEX('Product Backlog'!$C$5:$C$504,$J16))) | D16: =IF($J16="","",IF(ISBLANK(INDEX('Product Backlog'!$D$5:$D$504,$J16)),"",INDEX('Product Backlog'!$D$5:$D$504,$J16))) | E16: =IF($J16="","",IF(ISBLANK(INDEX('Product Backlog'!$E$5:$E$504,$J16)),"",INDEX('Product Backlog'!$E$5:$E$504,$J16))) | F16: =IF($J16="","",IF(ISBLANK(INDEX('Product Backlog'!$F$5:$F$504,$J16)),"",INDEX('Product Backlog'!$F$5:$F$504,$J16))) | G16: =IF($J16="","",IF(ISBLANK(INDEX('Product Backlog'!$G$5:$G$504,$J16)),"",INDEX('Product Backlog'!$G$5:$G$504,$J16))) | H16: =IF($J16="","",IF(ISBLANK(INDEX('Product Backlog'!$H$5:$H$504,$J16)),"",INDEX('Product Backlog'!$H$5:$H$504,$J16))) | I16: =IF($J16="","",IF(ISBLANK(INDEX('Product Backlog'!$I$5:$I$504,$J16)),"",INDEX('Product Backlog'!$I$5:$I$504,$J16))) | J16: =IFERROR(MATCH($B$4&"-"&ROWS($A$10:A16),'Product Backlog'!$J$5:$J$504,0),"")
A17: =IF($J17="","",IF(ISBLANK(INDEX('Product Backlog'!$A$5:$A$504,$J17)),"",INDEX('Product Backlog'!$A$5:$A$504,$J17))) | B17: =IF($J17="","",IF(ISBLANK(INDEX('Product Backlog'!$B$5:$B$504,$J17)),"",INDEX('Product Backlog'!$B$5:$B$504,$J17))) | C17: =IF($J17="","",IF(ISBLANK(INDEX('Product Backlog'!$C$5:$C$504,$J17)),"",INDEX('Product Backlog'!$C$5:$C$504,$J17))) | D17: =IF($J17="","",IF(ISBLANK(INDEX('Product Backlog'!$D$5:$D$504,$J17)),"",INDEX('Product Backlog'!$D$5:$D$504,$J17))) | E17: =IF($J17="","",IF(ISBLANK(INDEX('Product Backlog'!$E$5:$E$504,$J17)),"",INDEX('Product Backlog'!$E$5:$E$504,$J17))) | F17: =IF($J17="","",IF(ISBLANK(INDEX('Product Backlog'!$F$5:$F$504,$J17)),"",INDEX('Product Backlog'!$F$5:$F$504,$J17))) | G17: =IF($J17="","",IF(ISBLANK(INDEX('Product Backlog'!$G$5:$G$504,$J17)),"",INDEX('Product Backlog'!$G$5:$G$504,$J17))) | H17: =IF($J17="","",IF(ISBLANK(INDEX('Product Backlog'!$H$5:$H$504,$J17)),"",INDEX('Product Backlog'!$H$5:$H$504,$J17))) | I17: =IF($J17="","",IF(ISBLANK(INDEX('Product Backlog'!$I$5:$I$504,$J17)),"",INDEX('Product Backlog'!$I$5:$I$504,$J17))) | J17: =IFERROR(MATCH($B$4&"-"&ROWS($A$10:A17),'Product Backlog'!$J$5:$J$504,0),"")
A18: =IF($J18="","",IF(ISBLANK(INDEX('Product Backlog'!$A$5:$A$504,$J18)),"",INDEX('Product Backlog'!$A$5:$A$504,$J18))) | B18: =IF($J18="","",IF(ISBLANK(INDEX('Product Backlog'!$B$5:$B$504,$J18)),"",INDEX('Product Backlog'!$B$5:$B$504,$J18))) | C18: =IF($J18="","",IF(ISBLANK(INDEX('Product Backlog'!$C$5:$C$504,$J18)),"",INDEX('Product Backlog'!$C$5:$C$504,$J18))) | D18: =IF($J18="","",IF(ISBLANK(INDEX('Product Backlog'!$D$5:$D$504,$J18)),"",INDEX('Product Backlog'!$D$5:$D$504,$J18))) | E18: =IF($J18="","",IF(ISBLANK(INDEX('Product Backlog'!$E$5:$E$504,$J18)),"",INDEX('Product Backlog'!$E$5:$E$504,$J18))) | F18: =IF($J18="","",IF(ISBLANK(INDEX('Product Backlog'!$F$5:$F$504,$J18)),"",INDEX('Product Backlog'!$F$5:$F$504,$J18))) | G18: =IF($J18="","",IF(ISBLANK(INDEX('Product Backlog'!$G$5:$G$504,$J18)),"",INDEX('Product Backlog'!$G$5:$G$504,$J18))) | H18: =IF($J18="","",IF(ISBLANK(INDEX('Product Backlog'!$H$5:$H$504,$J18)),"",INDEX('Product Backlog'!$H$5:$H$504,$J18))) | I18: =IF($J18="","",IF(ISBLANK(INDEX('Product Backlog'!$I$5:$I$504,$J18)),"",INDEX('Product Backlog'!$I$5:$I$504,$J18))) | J18: =IFERROR(MATCH($B$4&"-"&ROWS($A$10:A18),'Product Backlog'!$J$5:$J$504,0),"")
A19: =IF($J19="","",IF(ISBLANK(INDEX('Product Backlog'!$A$5:$A$504,$J19)),"",INDEX('Product Backlog'!$A$5:$A$504,$J19))) | B19: =IF($J19="","",IF(ISBLANK(INDEX('Product Backlog'!$B$5:$B$504,$J19)),"",INDEX('Product Backlog'!$B$5:$B$504,$J19))) | C19: =IF($J19="","",IF(ISBLANK(INDEX('Product Backlog'!$C$5:$C$504,$J19)),"",INDEX('Product Backlog'!$C$5:$C$504,$J19))) | D19: =IF($J19="","",IF(ISBLANK(INDEX('Product Backlog'!$D$5:$D$504,$J19)),"",INDEX('Product Backlog'!$D$5:$D$504,$J19))) | E19: =IF($J19="","",IF(ISBLANK(INDEX('Product Backlog'!$E$5:$E$504,$J19)),"",INDEX('Product Backlog'!$E$5:$E$504,$J19))) | F19: =IF($J19="","",IF(ISBLANK(INDEX('Product Backlog'!$F$5:$F$504,$J19)),"",INDEX('Product Backlog'!$F$5:$F$504,$J19))) | G19: =IF($J19="","",IF(ISBLANK(INDEX('Product Backlog'!$G$5:$G$504,$J19)),"",INDEX('Product Backlog'!$G$5:$G$504,$J19))) | H19: =IF($J19="","",IF(ISBLANK(INDEX('Product Backlog'!$H$5:$H$504,$J19)),"",INDEX('Product Backlog'!$H$5:$H$504,$J19))) | I19: =IF($J19="","",IF(ISBLANK(INDEX('Product Backlog'!$I$5:$I$504,$J19)),"",INDEX('Product Backlog'!$I$5:$I$504,$J19))) | J19: =IFERROR(MATCH($B$4&"-"&ROWS($A$10:A19),'Product Backlog'!$J$5:$J$504,0),"")
A20: =IF($J20="","",IF(ISBLANK(INDEX('Product Backlog'!$A$5:$A$504,$J20)),"",INDEX('Product Backlog'!$A$5:$A$504,$J20))) | B20: =IF($J20="","",IF(ISBLANK(INDEX('Product Backlog'!$B$5:$B$504,$J20)),"",INDEX('Product Backlog'!$B$5:$B$504,$J20))) | C20: =IF($J20="","",IF(ISBLANK(INDEX('Product Backlog'!$C$5:$C$504,$J20)),"",INDEX('Product Backlog'!$C$5:$C$504,$J20))) | D20: =IF($J20="","",IF(ISBLANK(INDEX('Product Backlog'!$D$5:$D$504,$J20)),"",INDEX('Product Backlog'!$D$5:$D$504,$J20))) | E20: =IF($J20="","",IF(ISBLANK(INDEX('Product Backlog'!$E$5:$E$504,$J20)),"",INDEX('Product Backlog'!$E$5:$E$504,$J20))) | F20: =IF($J20="","",IF(ISBLANK(INDEX('Product Backlog'!$F$5:$F$504,$J20)),"",INDEX('Product Backlog'!$F$5:$F$504,$J20))) | G20: =IF($J20="","",IF(ISBLANK(INDEX('Product Backlog'!$G$5:$G$504,$J20)),"",INDEX('Product Backlog'!$G$5:$G$504,$J20))) | H20: =IF($J20="","",IF(ISBLANK(INDEX('Product Backlog'!$H$5:$H$504,$J20)),"",INDEX('Product Backlog'!$H$5:$H$504,$J20))) | I20: =IF($J20="","",IF(ISBLANK(INDEX('Product Backlog'!$I$5:$I$504,$J20)),"",INDEX('Product Backlog'!$I$5:$I$504,$J20))) | J20: =IFERROR(MATCH($B$4&"-"&ROWS($A$10:A20),'Product Backlog'!$J$5:$J$504,0),"")
A21: =IF($J21="","",IF(ISBLANK(INDEX('Product Backlog'!$A$5:$A$504,$J21)),"",INDEX('Product Backlog'!$A$5:$A$504,$J21))) | B21: =IF($J21="","",IF(ISBLANK(INDEX('Product Backlog'!$B$5:$B$504,$J21)),"",INDEX('Product Backlog'!$B$5:$B$504,$J21))) | C21: =IF($J21="","",IF(ISBLANK(INDEX('Product Backlog'!$C$5:$C$504,$J21)),"",INDEX('Product Backlog'!$C$5:$C$504,$J21))) | D21: =IF($J21="","",IF(ISBLANK(INDEX('Product Backlog'!$D$5:$D$504,$J21)),"",INDEX('Product Backlog'!$D$5:$D$504,$J21))) | E21: =IF($J21="","",IF(ISBLANK(INDEX('Product Backlog'!$E$5:$E$504,$J21)),"",INDEX('Product Backlog'!$E$5:$E$504,$J21))) | F21: =IF($J21="","",IF(ISBLANK(INDEX('Product Backlog'!$F$5:$F$504,$J21)),"",INDEX('Product Backlog'!$F$5:$F$504,$J21))) | G21: =IF($J21="","",IF(ISBLANK(INDEX('Product Backlog'!$G$5:$G$504,$J21)),"",INDEX('Product Backlog'!$G$5:$G$504,$J21))) | H21: =IF($J21="","",IF(ISBLANK(INDEX('Product Backlog'!$H$5:$H$504,$J21)),"",INDEX('Product Backlog'!$H$5:$H$504,$J21))) | I21: =IF($J21="","",IF(ISBLANK(INDEX('Product Backlog'!$I$5:$I$504,$J21)),"",INDEX('Product Backlog'!$I$5:$I$504,$J21))) | J21: =IFERROR(MATCH($B$4&"-"&ROWS($A$10:A21),'Product Backlog'!$J$5:$J$504,0),"")
A22: =IF($J22="","",IF(ISBLANK(INDEX('Product Backlog'!$A$5:$A$504,$J22)),"",INDEX('Product Backlog'!$A$5:$A$504,$J22))) | B22: =IF($J22="","",IF(ISBLANK(INDEX('Product Backlog'!$B$5:$B$504,$J22)),"",INDEX('Product Backlog'!$B$5:$B$504,$J22))) | C22: =IF($J22="","",IF(ISBLANK(INDEX('Product Backlog'!$C$5:$C$504,$J22)),"",INDEX('Product Backlog'!$C$5:$C$504,$J22))) | D22: =IF($J22="","",IF(ISBLANK(INDEX('Product Backlog'!$D$5:$D$504,$J22)),"",INDEX('Product Backlog'!$D$5:$D$504,$J22))) | E22: =IF($J22="","",IF(ISBLANK(INDEX('Product Backlog'!$E$5:$E$504,$J22)),"",INDEX('Product Backlog'!$E$5:$E$504,$J22))) | F22: =IF($J22="","",IF(ISBLANK(INDEX('Product Backlog'!$F$5:$F$504,$J22)),"",INDEX('Product Backlog'!$F$5:$F$504,$J22))) | G22: =IF($J22="","",IF(ISBLANK(INDEX('Product Backlog'!$G$5:$G$504,$J22)),"",INDEX('Product Backlog'!$G$5:$G$504,$J22))) | H22: =IF($J22="","",IF(ISBLANK(INDEX('Product Backlog'!$H$5:$H$504,$J22)),"",INDEX('Product Backlog'!$H$5:$H$504,$J22))) | I22: =IF($J22="","",IF(ISBLANK(INDEX('Product Backlog'!$I$5:$I$504,$J22)),"",INDEX('Product Backlog'!$I$5:$I$504,$J22))) | J22: =IFERROR(MATCH($B$4&"-"&ROWS($A$10:A22),'Product Backlog'!$J$5:$J$504,0),"")
A23: =IF($J23="","",IF(ISBLANK(INDEX('Product Backlog'!$A$5:$A$504,$J23)),"",INDEX('Product Backlog'!$A$5:$A$504,$J23))) | B23: =IF($J23="","",IF(ISBLANK(INDEX('Product Backlog'!$B$5:$B$504,$J23)),"",INDEX('Product Backlog'!$B$5:$B$504,$J23))) | C23: =IF($J23="","",IF(ISBLANK(INDEX('Product Backlog'!$C$5:$C$504,$J23)),"",INDEX('Product Backlog'!$C$5:$C$504,$J23))) | D23: =IF($J23="","",IF(ISBLANK(INDEX('Product Backlog'!$D$5:$D$504,$J23)),"",INDEX('Product Backlog'!$D$5:$D$504,$J23))) | E23: =IF($J23="","",IF(ISBLANK(INDEX('Product Backlog'!$E$5:$E$504,$J23)),"",INDEX('Product Backlog'!$E$5:$E$504,$J23))) | F23: =IF($J23="","",IF(ISBLANK(INDEX('Product Backlog'!$F$5:$F$504,$J23)),"",INDEX('Product Backlog'!$F$5:$F$504,$J23))) | G23: =IF($J23="","",IF(ISBLANK(INDEX('Product Backlog'!$G$5:$G$504,$J23)),"",INDEX('Product Backlog'!$G$5:$G$504,$J23))) | H23: =IF($J23="","",IF(ISBLANK(INDEX('Product Backlog'!$H$5:$H$504,$J23)),"",INDEX('Product Backlog'!$H$5:$H$504,$J23))) | I23: =IF($J23="","",IF(ISBLANK(INDEX('Product Backlog'!$I$5:$I$504,$J23)),"",INDEX('Product Backlog'!$I$5:$I$504,$J23))) | J23: =IFERROR(MATCH($B$4&"-"&ROWS($A$10:A23),'Product Backlog'!$J$5:$J$504,0),"")
... A109: =IF($J109="","",IF(ISBLANK(INDEX('Product Backlog'!$A$5:$A$504,$J109)),"",INDEX('Product Backlog'!$A$5:$A$504,$J109))) | B109: =IF($J109="","",IF(ISBLANK(INDEX('Product Backlog'!$B$5:$B$504,$J109)),"",INDEX('Product Backlog'!$B$5:$B$504,$J109))) | C109: =IF($J109="","",IF(ISBLANK(INDEX('Product Backlog'!$C$5:$C$504,$J109)),"",INDEX('Product Backlog'!$C$5:$C$504,$J109))) | D109: =IF($J109="","",IF(ISBLANK(INDEX('Product Backlog'!$D$5:$D$504,$J109)),"",INDEX('Product Backlog'!$D$5:$D$504,$J109))) | E109: =IF($J109="","",IF(ISBLANK(INDEX('Product Backlog'!$E$5:$E$504,$J109)),"",INDEX('Product Backlog'!$E$5:$E$504,$J109))) | F109: =IF($J109="","",IF(ISBLANK(INDEX('Product Backlog'!$F$5:$F$504,$J109)),"",INDEX('Product Backlog'!$F$5:$F$504,$J109))) | G109: =IF($J109="","",IF(ISBLANK(INDEX('Product Backlog'!$G$5:$G$504,$J109)),"",INDEX('Product Backlog'!$G$5:$G$504,$J109))) | H109: =IF($J109="","",IF(ISBLANK(INDEX('Product Backlog'!$H$5:$H$504,$J109)),"",INDEX('Product Backlog'!$H$5:$H$504,$J109))) | I109: =IF($J109="","",IF(ISBLANK(INDEX('Product Backlog'!$I$5:$I$504,$J109)),"",INDEX('Product Backlog'!$I$5:$I$504,$J109))) | J109: =IFERROR(MATCH($B$4&"-"&ROWS($A$10:A109),'Product Backlog'!$J$5:$J$504,0),"")

Sheet Sprint 2
A1: Sprint 2
A2: Sprint 2 records and backlog view. Edit task details on the Product Backlog sheet; this view updates from the Sprint #.
A4: Sprint # | B4: 2 | D4: Start date | E4: 46288 | G4: End date | H4: 46297
A5: Sprint goal | B5: Build the German-language toggle and a country-aware filing-search prototype for U.S. and German companies.
A7: Tasks | B7: =COUNTIFS('Product Backlog'!$B$5:$B$504,2,'Product Backlog'!$C$5:$C$504,"<>") -> 3 | C7: Completed | D7: =COUNTIFS('Product Backlog'!$B$5:$B$504,2,'Product Backlog'!$D$5:$D$504,"Done")+COUNTIFS('Product Backlog'!$B$5:$B$504,2,'Product Backlog'!$D$5:$D$504,"Completed") -> 3 | E7: Hours logged | F7: =SUMIFS('Product Backlog'!$H$5:$H$504,'Product Backlog'!$B$5:$B$504,2) -> 7.5 | G7: Work points | H7: =SUMIFS('Product Backlog'!$I$5:$I$504,'Product Backlog'!$B$5:$B$504,2) -> 140
A8: Auto-generated view. Do not enter tasks here; add or change them on Product Backlog.
A9: Task # | B9: Sprint # | C9: Task description | D9: Status | E9: Maintainer | F9: Date added | G9: Date completed | H9: Hours to complete | I9: Work points assigned
A10: =IF($J10="","",IF(ISBLANK(INDEX('Product Backlog'!$A$5:$A$504,$J10)),"",INDEX('Product Backlog'!$A$5:$A$504,$J10))) -> 4 | B10: =IF($J10="","",IF(ISBLANK(INDEX('Product Backlog'!$B$5:$B$504,$J10)),"",INDEX('Product Backlog'!$B$5:$B$504,$J10))) -> 2 | C10: =IF($J10="","",IF(ISBLANK(INDEX('Product Backlog'!$C$5:H17,$J10)),"",INDEX('Product Backlog'!$C$5:$C$504,$J10))) -> German language toggle | D10: =IF($J10="","",IF(ISBLANK(INDEX('Product Backlog'!$D$5:$D$504,$J10)),"",INDEX('Product Backlog'!$D$5:$D$504,$J10))) -> Completed | E10: chropic | F10: 46277 | G10: =IF($J10="","",IF(ISBLANK(INDEX('Product Backlog'!$G$5:$G$504,$J10)),"",INDEX('Product Backlog'!$G$5:$G$504,$J10))) -> 46293 | H10: 1 | I10: =IF($J10="","",IF(ISBLANK(INDEX('Product Backlog'!$I$5:$I$504,$J10)),"",INDEX('Product Backlog'!$I$5:$I$504,$J10))) -> 45 | J10: =IFERROR(MATCH($B$4&"-"&ROWS($A$10:A10),'Product Backlog'!$J$5:$J$504,0),"") -> 4
A11: =IF($J11="","",IF(ISBLANK(INDEX('Product Backlog'!$A$5:$A$504,$J11)),"",INDEX('Product Backlog'!$A$5:$A$504,$J11))) -> 5 | B11: =IF($J11="","",IF(ISBLANK(INDEX('Product Backlog'!$B$5:$B$504,$J11)),"",INDEX('Product Backlog'!$B$5:$B$504,$J11))) -> 2 | C11: =IF($J11="","",IF(ISBLANK(INDEX('Product Backlog'!$C$5:$C$504,$J11)),"",INDEX('Product Backlog'!$C$5:$C$504,$J11))) -> Updated Search Feature (Frontend) | D11: =IF($J11="","",IF(ISBLANK(INDEX('Product Backlog'!$D$5:$D$504,$J11)),"",INDEX('Product Backlog'!$D$5:$D$504,$J11))) -> Completed | E11: =IF($J11="","",IF(ISBLANK(INDEX('Product Backlog'!$E$5:$E$504,$J11)),"",INDEX('Product Backlog'!$E$5:$E$504,$J11))) -> oogwaysprophecy732 | F11: =IF($J11="","",IF(ISBLANK(INDEX('Product Backlog'!$F$5:$F$504,$J11)),"",INDEX('Product Backlog'!$F$5:$F$504,$J11))) -> 46288 | G11: =IF($J11="","",IF(ISBLANK(INDEX('Product Backlog'!$G$5:$G$504,$J11)),"",INDEX('Product Backlog'!$G$5:$G$504,$J11))) -> 46288 | H11: 3 | I11: =IF($J11="","",IF(ISBLANK(INDEX('Product Backlog'!$I$5:$I$504,$J11)),"",INDEX('Product Backlog'!$I$5:$I$504,$J11))) -> 45 | J11: =IFERROR(MATCH($B$4&"-"&ROWS($A$10:A11),'Product Backlog'!$J$5:$J$504,0),"") -> 5
A12: =IF($J12="","",IF(ISBLANK(INDEX('Product Backlog'!$A$5:$A$504,$J12)),"",INDEX('Product Backlog'!$A$5:$A$504,$J12))) -> 6 | B12: =IF($J12="","",IF(ISBLANK(INDEX('Product Backlog'!$B$5:$B$504,$J12)),"",INDEX('Product Backlog'!$B$5:$B$504,$J12))) -> 2 | C12: =IF($J12="","",IF(ISBLANK(INDEX('Product Backlog'!$C$5:$C$504,$J12)),"",INDEX('Product Backlog'!$C$5:$C$504,$J12))) -> Server-side RSS Feed | D12: =IF($J12="","",IF(ISBLANK(INDEX('Product Backlog'!$D$5:$D$504,$J12)),"",INDEX('Product Backlog'!$D$5:$D$504,$J12))) -> Completed | E12: chropic | F12: 46288 | G12: 46290 | H12: 2 | I12: 15 | J12: =IFERROR(MATCH($B$4&"-"&ROWS($A$10:A12),'Product Backlog'!$J$5:$J$504,0),"") -> 6
A13: =IF($J13="","",IF(ISBLANK(INDEX('Product Backlog'!$A$5:$A$504,$J13)),"",INDEX('Product Backlog'!$A$5:$A$504,$J13))) | B13: =IF($J13="","",IF(ISBLANK(INDEX('Product Backlog'!$B$5:$B$504,$J13)),"",INDEX('Product Backlog'!$B$5:$B$504,$J13))) | C13: =IF($J13="","",IF(ISBLANK(INDEX('Product Backlog'!$C$5:$C$504,$J13)),"",INDEX('Product Backlog'!$C$5:$C$504,$J13))) | D13: =IF($J13="","",IF(ISBLANK(INDEX('Product Backlog'!$D$5:$D$504,$J13)),"",INDEX('Product Backlog'!$D$5:$D$504,$J13))) | E13: =IF($J13="","",IF(ISBLANK(INDEX('Product Backlog'!$E$5:$E$504,$J13)),"",INDEX('Product Backlog'!$E$5:$E$504,$J13))) | F13: =IF($J13="","",IF(ISBLANK(INDEX('Product Backlog'!$F$5:$F$504,$J13)),"",INDEX('Product Backlog'!$F$5:$F$504,$J13))) | G13: =IF($J13="","",IF(ISBLANK(INDEX('Product Backlog'!$G$5:$G$504,$J13)),"",INDEX('Product Backlog'!$G$5:$G$504,$J13))) | H13: =IF($J13="","",IF(ISBLANK(INDEX('Product Backlog'!$H$5:$H$504,$J13)),"",INDEX('Product Backlog'!$H$5:$H$504,$J13))) | I13: =IF($J13="","",IF(ISBLANK(INDEX('Product Backlog'!$I$5:$I$504,$J13)),"",INDEX('Product Backlog'!$I$5:$I$504,$J13))) | J13: =IFERROR(MATCH($B$4&"-"&ROWS($A$10:A13),'Product Backlog'!$J$5:$J$504,0),"")
A14: =IF($J14="","",IF(ISBLANK(INDEX('Product Backlog'!$A$5:$A$504,$J14)),"",INDEX('Product Backlog'!$A$5:$A$504,$J14))) | B14: =IF($J14="","",IF(ISBLANK(INDEX('Product Backlog'!$B$5:$B$504,$J14)),"",INDEX('Product Backlog'!$B$5:$B$504,$J14))) | C14: =IF($J14="","",IF(ISBLANK(INDEX('Product Backlog'!$C$5:$C$504,$J14)),"",INDEX('Product Backlog'!$C$5:$C$504,$J14))) | D14: =IF($J14="","",IF(ISBLANK(INDEX('Product Backlog'!$D$5:$D$504,$J14)),"",INDEX('Product Backlog'!$D$5:$D$504,$J14))) | E14: =IF($J14="","",IF(ISBLANK(INDEX('Product Backlog'!$E$5:$E$504,$J14)),"",INDEX('Product Backlog'!$E$5:$E$504,$J14))) | F14: =IF($J14="","",IF(ISBLANK(INDEX('Product Backlog'!$F$5:$F$504,$J14)),"",INDEX('Product Backlog'!$F$5:$F$504,$J14))) | G14: =IF($J14="","",IF(ISBLANK(INDEX('Product Backlog'!$G$5:$G$504,$J14)),"",INDEX('Product Backlog'!$G$5:$G$504,$J14))) | H14: =IF($J14="","",IF(ISBLANK(INDEX('Product Backlog'!$H$5:$H$504,$J14)),"",INDEX('Product Backlog'!$H$5:$H$504,$J14))) | I14: =IF($J14="","",IF(ISBLANK(INDEX('Product Backlog'!$I$5:$I$504,$J14)),"",INDEX('Product Backlog'!$I$5:$I$504,$J14))) | J14: =IFERROR(MATCH($B$4&"-"&ROWS($A$10:A14),'Product Backlog'!$J$5:$J$504,0),"")
A15: =IF($J15="","",IF(ISBLANK(INDEX('Product Backlog'!$A$5:$A$504,$J15)),"",INDEX('Product Backlog'!$A$5:$A$504,$J15))) | B15: =IF($J15="","",IF(ISBLANK(INDEX('Product Backlog'!$B$5:$B$504,$J15)),"",INDEX('Product Backlog'!$B$5:$B$504,$J15))) | C15: =IF($J15="","",IF(ISBLANK(INDEX('Product Backlog'!$C$5:$C$504,$J15)),"",INDEX('Product Backlog'!$C$5:$C$504,$J15))) | D15: =IF($J15="","",IF(ISBLANK(INDEX('Product Backlog'!$D$5:$D$504,$J15)),"",INDEX('Product Backlog'!$D$5:$D$504,$J15))) | E15: =IF($J15="","",IF(ISBLANK(INDEX('Product Backlog'!$E$5:$E$504,$J15)),"",INDEX('Product Backlog'!$E$5:$E$504,$J15))) | F15: =IF($J15="","",IF(ISBLANK(INDEX('Product Backlog'!$F$5:$F$504,$J15)),"",INDEX('Product Backlog'!$F$5:$F$504,$J15))) | G15: =IF($J15="","",IF(ISBLANK(INDEX('Product Backlog'!$G$5:$G$504,$J15)),"",INDEX('Product Backlog'!$G$5:$G$504,$J15))) | H15: =IF($J15="","",IF(ISBLANK(INDEX('Product Backlog'!$H$5:$H$504,$J15)),"",INDEX('Product Backlog'!$H$5:$H$504,$J15))) | I15: =IF($J15="","",IF(ISBLANK(INDEX('Product Backlog'!$I$5:$I$504,$J15)),"",INDEX('Product Backlog'!$I$5:$I$504,$J15))) | J15: =IFERROR(MATCH($B$4&"-"&ROWS($A$10:A15),'Product Backlog'!$J$5:$J$504,0),"")
A16: =IF($J16="","",IF(ISBLANK(INDEX('Product Backlog'!$A$5:$A$504,$J16)),"",INDEX('Product Backlog'!$A$5:$A$504,$J16))) | B16: =IF($J16="","",IF(ISBLANK(INDEX('Product Backlog'!$B$5:$B$504,$J16)),"",INDEX('Product Backlog'!$B$5:$B$504,$J16))) | C16: =IF($J16="","",IF(ISBLANK(INDEX('Product Backlog'!$C$5:$C$504,$J16)),"",INDEX('Product Backlog'!$C$5:$C$504,$J16))) | D16: =IF($J16="","",IF(ISBLANK(INDEX('Product Backlog'!$D$5:$D$504,$J16)),"",INDEX('Product Backlog'!$D$5:$D$504,$J16))) | E16: =IF($J16="","",IF(ISBLANK(INDEX('Product Backlog'!$E$5:$E$504,$J16)),"",INDEX('Product Backlog'!$E$5:$E$504,$J16))) | F16: =IF($J16="","",IF(ISBLANK(INDEX('Product Backlog'!$F$5:$F$504,$J16)),"",INDEX('Product Backlog'!$F$5:$F$504,$J16))) | G16: =IF($J16="","",IF(ISBLANK(INDEX('Product Backlog'!$G$5:$G$504,$J16)),"",INDEX('Product Backlog'!$G$5:$G$504,$J16))) | H16: =IF($J16="","",IF(ISBLANK(INDEX('Product Backlog'!$H$5:$H$504,$J16)),"",INDEX('Product Backlog'!$H$5:$H$504,$J16))) | I16: =IF($J16="","",IF(ISBLANK(INDEX('Product Backlog'!$I$5:$I$504,$J16)),"",INDEX('Product Backlog'!$I$5:$I$504,$J16))) | J16: =IFERROR(MATCH($B$4&"-"&ROWS($A$10:A16),'Product Backlog'!$J$5:$J$504,0),"")
A17: =IF($J17="","",IF(ISBLANK(INDEX('Product Backlog'!$A$5:$A$504,$J17)),"",INDEX('Product Backlog'!$A$5:$A$504,$J17))) | B17: =IF($J17="","",IF(ISBLANK(INDEX('Product Backlog'!$B$5:$B$504,$J17)),"",INDEX('Product Backlog'!$B$5:$B$504,$J17))) | C17: =IF($J17="","",IF(ISBLANK(INDEX('Product Backlog'!$C$5:$C$504,$J17)),"",INDEX('Product Backlog'!$C$5:$C$504,$J17))) | D17: =IF($J17="","",IF(ISBLANK(INDEX('Product Backlog'!$D$5:$D$504,$J17)),"",INDEX('Product Backlog'!$D$5:$D$504,$J17))) | E17: =IF($J17="","",IF(ISBLANK(INDEX('Product Backlog'!$E$5:$E$504,$J17)),"",INDEX('Product Backlog'!$E$5:$E$504,$J17))) | F17: =IF($J17="","",IF(ISBLANK(INDEX('Product Backlog'!$F$5:$F$504,$J17)),"",INDEX('Product Backlog'!$F$5:$F$504,$J17))) | G17: =IF($J17="","",IF(ISBLANK(INDEX('Product Backlog'!$G$5:$G$504,$J17)),"",INDEX('Product Backlog'!$G$5:$G$504,$J17))) | H17: =IF($J17="","",IF(ISBLANK(INDEX('Product Backlog'!$H$5:$H$504,$J17)),"",INDEX('Product Backlog'!$H$5:$H$504,$J17))) | I17: =IF($J17="","",IF(ISBLANK(INDEX('Product Backlog'!$I$5:$I$504,$J17)),"",INDEX('Product Backlog'!$I$5:$I$504,$J17))) | J17: =IFERROR(MATCH($B$4&"-"&ROWS($A$10:A17),'Product Backlog'!$J$5:$J$504,0),"")
A18: =IF($J18="","",IF(ISBLANK(INDEX('Product Backlog'!$A$5:$A$504,$J18)),"",INDEX('Product Backlog'!$A$5:$A$504,$J18))) | B18: =IF($J18="","",IF(ISBLANK(INDEX('Product Backlog'!$B$5:$B$504,$J18)),"",INDEX('Product Backlog'!$B$5:$B$504,$J18))) | C18: =IF($J18="","",IF(ISBLANK(INDEX('Product Backlog'!$C$5:$C$504,$J18)),"",INDEX('Product Backlog'!$C$5:$C$504,$J18))) | D18: =IF($J18="","",IF(ISBLANK(INDEX('Product Backlog'!$D$5:$D$504,$J18)),"",INDEX('Product Backlog'!$D$5:$D$504,$J18))) | E18: =IF($J18="","",IF(ISBLANK(INDEX('Product Backlog'!$E$5:$E$504,$J18)),"",INDEX('Product Backlog'!$E$5:$E$504,$J18))) | F18: =IF($J18="","",IF(ISBLANK(INDEX('Product Backlog'!$F$5:$F$504,$J18)),"",INDEX('Product Backlog'!$F$5:$F$504,$J18))) | G18: =IF($J18="","",IF(ISBLANK(INDEX('Product Backlog'!$G$5:$G$504,$J18)),"",INDEX('Product Backlog'!$G$5:$G$504,$J18))) | H18: =IF($J18="","",IF(ISBLANK(INDEX('Product Backlog'!$H$5:$H$504,$J18)),"",INDEX('Product Backlog'!$H$5:$H$504,$J18))) | I18: =IF($J18="","",IF(ISBLANK(INDEX('Product Backlog'!$I$5:$I$504,$J18)),"",INDEX('Product Backlog'!$I$5:$I$504,$J18))) | J18: =IFERROR(MATCH($B$4&"-"&ROWS($A$10:A18),'Product Backlog'!$J$5:$J$504,0),"")
A19: =IF($J19="","",IF(ISBLANK(INDEX('Product Backlog'!$A$5:$A$504,$J19)),"",INDEX('Product Backlog'!$A$5:$A$504,$J19))) | B19: =IF($J19="","",IF(ISBLANK(INDEX('Product Backlog'!$B$5:$B$504,$J19)),"",INDEX('Product Backlog'!$B$5:$B$504,$J19))) | C19: =IF($J19="","",IF(ISBLANK(INDEX('Product Backlog'!$C$5:$C$504,$J19)),"",INDEX('Product Backlog'!$C$5:$C$504,$J19))) | D19: =IF($J19="","",IF(ISBLANK(INDEX('Product Backlog'!$D$5:$D$504,$J19)),"",INDEX('Product Backlog'!$D$5:$D$504,$J19))) | E19: =IF($J19="","",IF(ISBLANK(INDEX('Product Backlog'!$E$5:$E$504,$J19)),"",INDEX('Product Backlog'!$E$5:$E$504,$J19))) | F19: =IF($J19="","",IF(ISBLANK(INDEX('Product Backlog'!$F$5:$F$504,$J19)),"",INDEX('Product Backlog'!$F$5:$F$504,$J19))) | G19: =IF($J19="","",IF(ISBLANK(INDEX('Product Backlog'!$G$5:$G$504,$J19)),"",INDEX('Product Backlog'!$G$5:$G$504,$J19))) | H19: =IF($J19="","",IF(ISBLANK(INDEX('Product Backlog'!$H$5:$H$504,$J19)),"",INDEX('Product Backlog'!$H$5:$H$504,$J19))) | I19: =IF($J19="","",IF(ISBLANK(INDEX('Product Backlog'!$I$5:$I$504,$J19)),"",INDEX('Product Backlog'!$I$5:$I$504,$J19))) | J19: =IFERROR(MATCH($B$4&"-"&ROWS($A$10:A19),'Product Backlog'!$J$5:$J$504,0),"")
A20: =IF($J20="","",IF(ISBLANK(INDEX('Product Backlog'!$A$5:$A$504,$J20)),"",INDEX('Product Backlog'!$A$5:$A$504,$J20))) | B20: =IF($J20="","",IF(ISBLANK(INDEX('Product Backlog'!$B$5:$B$504,$J20)),"",INDEX('Product Backlog'!$B$5:$B$504,$J20))) | C20: =IF($J20="","",IF(ISBLANK(INDEX('Product Backlog'!$C$5:$C$504,$J20)),"",INDEX('Product Backlog'!$C$5:$C$504,$J20))) | D20: =IF($J20="","",IF(ISBLANK(INDEX('Product Backlog'!$D$5:$D$504,$J20)),"",INDEX('Product Backlog'!$D$5:$D$504,$J20))) | E20: =IF($J20="","",IF(ISBLANK(INDEX('Product Backlog'!$E$5:$E$504,$J20)),"",INDEX('Product Backlog'!$E$5:$E$504,$J20))) | F20: =IF($J20="","",IF(ISBLANK(INDEX('Product Backlog'!$F$5:$F$504,$J20)),"",INDEX('Product Backlog'!$F$5:$F$504,$J20))) | G20: =IF($J20="","",IF(ISBLANK(INDEX('Product Backlog'!$G$5:$G$504,$J20)),"",INDEX('Product Backlog'!$G$5:$G$504,$J20))) | H20: =IF($J20="","",IF(ISBLANK(INDEX('Product Backlog'!$H$5:$H$504,$J20)),"",INDEX('Product Backlog'!$H$5:$H$504,$J20))) | I20: =IF($J20="","",IF(ISBLANK(INDEX('Product Backlog'!$I$5:$I$504,$J20)),"",INDEX('Product Backlog'!$I$5:$I$504,$J20))) | J20: =IFERROR(MATCH($B$4&"-"&ROWS($A$10:A20),'Product Backlog'!$J$5:$J$504,0),"")
A21: =IF($J21="","",IF(ISBLANK(INDEX('Product Backlog'!$A$5:$A$504,$J21)),"",INDEX('Product Backlog'!$A$5:$A$504,$J21))) | B21: =IF($J21="","",IF(ISBLANK(INDEX('Product Backlog'!$B$5:$B$504,$J21)),"",INDEX('Product Backlog'!$B$5:$B$504,$J21))) | C21: =IF($J21="","",IF(ISBLANK(INDEX('Product Backlog'!$C$5:$C$504,$J21)),"",INDEX('Product Backlog'!$C$5:$C$504,$J21))) | D21: =IF($J21="","",IF(ISBLANK(INDEX('Product Backlog'!$D$5:$D$504,$J21)),"",INDEX('Product Backlog'!$D$5:$D$504,$J21))) | E21: =IF($J21="","",IF(ISBLANK(INDEX('Product Backlog'!$E$5:$E$504,$J21)),"",INDEX('Product Backlog'!$E$5:$E$504,$J21))) | F21: =IF($J21="","",IF(ISBLANK(INDEX('Product Backlog'!$F$5:$F$504,$J21)),"",INDEX('Product Backlog'!$F$5:$F$504,$J21))) | G21: =IF($J21="","",IF(ISBLANK(INDEX('Product Backlog'!$G$5:$G$504,$J21)),"",INDEX('Product Backlog'!$G$5:$G$504,$J21))) | H21: =IF($J21="","",IF(ISBLANK(INDEX('Product Backlog'!$H$5:$H$504,$J21)),"",INDEX('Product Backlog'!$H$5:$H$504,$J21))) | I21: =IF($J21="","",IF(ISBLANK(INDEX('Product Backlog'!$I$5:$I$504,$J21)),"",INDEX('Product Backlog'!$I$5:$I$504,$J21))) | J21: =IFERROR(MATCH($B$4&"-"&ROWS($A$10:A21),'Product Backlog'!$J$5:$J$504,0),"")
A22: =IF($J22="","",IF(ISBLANK(INDEX('Product Backlog'!$A$5:$A$504,$J22)),"",INDEX('Product Backlog'!$A$5:$A$504,$J22))) | B22: =IF($J22="","",IF(ISBLANK(INDEX('Product Backlog'!$B$5:$B$504,$J22)),"",INDEX('Product Backlog'!$B$5:$B$504,$J22))) | C22: =IF($J22="","",IF(ISBLANK(INDEX('Product Backlog'!$C$5:$C$504,$J22)),"",INDEX('Product Backlog'!$C$5:$C$504,$J22))) | D22: =IF($J22="","",IF(ISBLANK(INDEX('Product Backlog'!$D$5:$D$504,$J22)),"",INDEX('Product Backlog'!$D$5:$D$504,$J22))) | E22: =IF($J22="","",IF(ISBLANK(INDEX('Product Backlog'!$E$5:$E$504,$J22)),"",INDEX('Product Backlog'!$E$5:$E$504,$J22))) | F22: =IF($J22="","",IF(ISBLANK(INDEX('Product Backlog'!$F$5:$F$504,$J22)),"",INDEX('Product Backlog'!$F$5:$F$504,$J22))) | G22: =IF($J22="","",IF(ISBLANK(INDEX('Product Backlog'!$G$5:$G$504,$J22)),"",INDEX('Product Backlog'!$G$5:$G$504,$J22))) | H22: =IF($J22="","",IF(ISBLANK(INDEX('Product Backlog'!$H$5:$H$504,$J22)),"",INDEX('Product Backlog'!$H$5:$H$504,$J22))) | I22: =IF($J22="","",IF(ISBLANK(INDEX('Product Backlog'!$I$5:$I$504,$J22)),"",INDEX('Product Backlog'!$I$5:$I$504,$J22))) | J22: =IFERROR(MATCH($B$4&"-"&ROWS($A$10:A22),'Product Backlog'!$J$5:$J$504,0),"")
A23: =IF($J23="","",IF(ISBLANK(INDEX('Product Backlog'!$A$5:$A$504,$J23)),"",INDEX('Product Backlog'!$A$5:$A$504,$J23))) | B23: =IF($J23="","",IF(ISBLANK(INDEX('Product Backlog'!$B$5:$B$504,$J23)),"",INDEX('Product Backlog'!$B$5:$B$504,$J23))) | C23: =IF($J23="","",IF(ISBLANK(INDEX('Product Backlog'!$C$5:$C$504,$J23)),"",INDEX('Product Backlog'!$C$5:$C$504,$J23))) | D23: =IF($J23="","",IF(ISBLANK(INDEX('Product Backlog'!$D$5:$D$504,$J23)),"",INDEX('Product Backlog'!$D$5:$D$504,$J23))) | E23: =IF($J23="","",IF(ISBLANK(INDEX('Product Backlog'!$E$5:$E$504,$J23)),"",INDEX('Product Backlog'!$E$5:$E$504,$J23))) | F23: =IF($J23="","",IF(ISBLANK(INDEX('Product Backlog'!$F$5:$F$504,$J23)),"",INDEX('Product Backlog'!$F$5:$F$504,$J23))) | G23: =IF($J23="","",IF(ISBLANK(INDEX('Product Backlog'!$G$5:$G$504,$J23)),"",INDEX('Product Backlog'!$G$5:$G$504,$J23))) | H23: =IF($J23="","",IF(ISBLANK(INDEX('Product Backlog'!$H$5:$H$504,$J23)),"",INDEX('Product Backlog'!$H$5:$H$504,$J23))) | I23: =IF($J23="","",IF(ISBLANK(INDEX('Product Backlog'!$I$5:$I$504,$J23)),"",INDEX('Product Backlog'!$I$5:$I$504,$J23))) | J23: =IFERROR(MATCH($B$4&"-"&ROWS($A$10:A23),'Product Backlog'!$J$5:$J$504,0),"")
A24: =IF($J24="","",IF(ISBLANK(INDEX('Product Backlog'!$A$5:$A$504,$J24)),"",INDEX('Product Backlog'!$A$5:$A$504,$J24))) | B24: =IF($J24="","",IF(ISBLANK(INDEX('Product Backlog'!$B$5:$B$504,$J24)),"",INDEX('Product Backlog'!$B$5:$B$504,$J24))) | C24: =IF($J24="","",IF(ISBLANK(INDEX('Product Backlog'!$C$5:$C$504,$J24)),"",INDEX('Product Backlog'!$C$5:$C$504,$J24))) | D24: =IF($J24="","",IF(ISBLANK(INDEX('Product Backlog'!$D$5:$D$504,$J24)),"",INDEX('Product Backlog'!$D$5:$D$504,$J24))) | E24: =IF($J24="","",IF(ISBLANK(INDEX('Product Backlog'!$E$5:$E$504,$J24)),"",INDEX('Product Backlog'!$E$5:$E$504,$J24))) | F24: =IF($J24="","",IF(ISBLANK(INDEX('Product Backlog'!$F$5:$F$504,$J24)),"",INDEX('Product Backlog'!$F$5:$F$504,$J24))) | G24: =IF($J24="","",IF(ISBLANK(INDEX('Product Backlog'!$G$5:$G$504,$J24)),"",INDEX('Product Backlog'!$G$5:$G$504,$J24))) | H24: =IF($J24="","",IF(ISBLANK(INDEX('Product Backlog'!$H$5:$H$504,$J24)),"",INDEX('Product Backlog'!$H$5:$H$504,$J24))) | I24: =IF($J24="","",IF(ISBLANK(INDEX('Product Backlog'!$I$5:$I$504,$J24)),"",INDEX('Product Backlog'!$I$5:$I$504,$J24))) | J24: =IFERROR(MATCH($B$4&"-"&ROWS($A$10:A24),'Product Backlog'!$J$5:$J$504,0),"")
... A109: =IF($J109="","",IF(ISBLANK(INDEX('Product Backlog'!$A$5:$A$504,$J109)),"",INDEX('Product Backlog'!$A$5:$A$504,$J109))) | B109: =IF($J109="","",IF(ISBLANK(INDEX('Product Backlog'!$B$5:$B$504,$J109)),"",INDEX('Product Backlog'!$B$5:$B$504,$J109))) | C109: =IF($J109="","",IF(ISBLANK(INDEX('Product Backlog'!$C$5:$C$504,$J109)),"",INDEX('Product Backlog'!$C$5:$C$504,$J109))) | D109: =IF($J109="","",IF(ISBLANK(INDEX('Product Backlog'!$D$5:$D$504,$J109)),"",INDEX('Product Backlog'!$D$5:$D$504,$J109))) | E109: =IF($J109="","",IF(ISBLANK(INDEX('Product Backlog'!$E$5:$E$504,$J109)),"",INDEX('Product Backlog'!$E$5:$E$504,$J109))) | F109: =IF($J109="","",IF(ISBLANK(INDEX('Product Backlog'!$F$5:$F$504,$J109)),"",INDEX('Product Backlog'!$F$5:$F$504,$J109))) | G109: =IF($J109="","",IF(ISBLANK(INDEX('Product Backlog'!$G$5:$G$504,$J109)),"",INDEX('Product Backlog'!$G$5:$G$504,$J109))) | H109: =IF($J109="","",IF(ISBLANK(INDEX('Product Backlog'!$H$5:$H$504,$J109)),"",INDEX('Product Backlog'!$H$5:$H$504,$J109))) | I109: =IF($J109="","",IF(ISBLANK(INDEX('Product Backlog'!$I$5:$I$504,$J109)),"",INDEX('Product Backlog'!$I$5:$I$504,$J109))) | J109: =IFERROR(MATCH($B$4&"-"&ROWS($A$10:A109),'Product Backlog'!$J$5:$J$504,0),"")

Sheet Sprint 3
A1: Sprint 3
A2: Sprint 3 records and backlog view. Edit task details on the Product Backlog sheet; this view updates from the Sprint #.
A4: Sprint # | B4: 3 | D4: Start date | E4: 46302 | G4: End date | H4: 46311
A5: Sprint goal | B5: Goal to be defined.
A7: Tasks | B7: =COUNTIFS('Product Backlog'!$B$5:$B$504,3,'Product Backlog'!$C$5:$C$504,"<>") -> 3 | C7: Completed | D7: =COUNTIFS('Product Backlog'!$B$5:$B$504,3,'Product Backlog'!$D$5:$D$504,"Done")+COUNTIFS('Product Backlog'!$B$5:$B$504,3,'Product Backlog'!$D$5:$D$504,"Completed") -> 3 | E7: Hours logged | F7: =SUMIFS('Product Backlog'!$H$5:$H$504,'Product Backlog'!$B$5:$B$504,3) -> 6.5 | G7: Work points | H7: =SUMIFS('Product Backlog'!$I$5:$I$504,'Product Backlog'!$B$5:$B$504,3) -> 160
A8: Auto-generated view. Do not enter tasks here; add or change them on Product Backlog.
A9: Task # | B9: Sprint # | C9: Task description | D9: Status | E9: Maintainer | F9: Date added | G9: Date completed | H9: Hours to complete | I9: Work points assigned
A10: =IF($J10="","",IF(ISBLANK(INDEX('Product Backlog'!$A$5:$A$504,$J10)),"",INDEX('Product Backlog'!$A$5:$A$504,$J10))) -> 7 | B10: =IF($J10="","",IF(ISBLANK(INDEX('Product Backlog'!$B$5:$B$504,$J10)),"",INDEX('Product Backlog'!$B$5:$B$504,$J10))) -> 3 | C10: =IF($J10="","",IF(ISBLANK(INDEX('Product Backlog'!$C$5:$C$504,$J10)),"",INDEX('Product Backlog'!$C$5:$C$504,$J10))) -> Define bias detection-what does bias look like (research included) | D10: =IF($J10="","",IF(ISBLANK(INDEX('Product Backlog'!$D$5:$D$504,$J10)),"",INDEX('Product Backlog'!$D$5:$D$504,$J10))) -> Completed | E10: =IF($J10="","",IF(ISBLANK(INDEX('Product Backlog'!$E$5:$E$504,$J10)),"",INDEX('Product Backlog'!$E$5:$E$504,$J10))) -> chropic & oogwaysprophecy732 | F10: =IF($J10="","",IF(ISBLANK(INDEX('Product Backlog'!$F$5:$F$504,$J10)),"",INDEX('Product Backlog'!$F$5:$F$504,$J10))) -> 46302 | G10: =IF($J10="","",IF(ISBLANK(INDEX('Product Backlog'!$G$5:$G$504,$J10)),"",INDEX('Product Backlog'!$G$5:$G$504,$J10))) -> 46309 | H10: =IF($J10="","",IF(ISBLANK(INDEX('Product Backlog'!$H$5:$H$504,$J10)),"",INDEX('Product Backlog'!$H$5:$H$504,$J10))) -> 2 | I10: =IF($J10="","",IF(ISBLANK(INDEX('Product Backlog'!$I$5:$I$504,$J10)),"",INDEX('Product Backlog'!$I$5:$I$504,$J10))) -> 75 | J10: =IFERROR(MATCH($B$4&"-"&ROWS($A$10:A10),'Product Backlog'!$J$5:$J$504,0),"") -> 7
A11: =IF($J11="","",IF(ISBLANK(INDEX('Product Backlog'!$A$5:$A$504,$J11)),"",INDEX('Product Backlog'!$A$5:$A$504,$J11))) -> 8 | B11: =IF($J11="","",IF(ISBLANK(INDEX('Product Backlog'!$B$5:$B$504,$J11)),"",INDEX('Product Backlog'!$B$5:$B$504,$J11))) -> 3 | C11: =IF($J11="","",IF(ISBLANK(INDEX('Product Backlog'!$C$5:$C$504,$J11)),"",INDEX('Product Backlog'!$C$5:$C$504,$J11))) -> RSS Filtering | D11: =IF($J11="","",IF(ISBLANK(INDEX('Product Backlog'!$D$5:$D$504,$J11)),"",INDEX('Product Backlog'!$D$5:$D$504,$J11))) -> Completed | E11: =IF($J11="","",IF(ISBLANK(INDEX('Product Backlog'!$E$5:$E$504,$J11)),"",INDEX('Product Backlog'!$E$5:$E$504,$J11))) -> oogwaysprophecy732 | F11: =IF($J11="","",IF(ISBLANK(INDEX('Product Backlog'!$F$5:$F$504,$J11)),"",INDEX('Product Backlog'!$F$5:$F$504,$J11))) -> 46302 | G11: =IF($J11="","",IF(ISBLANK(INDEX('Product Backlog'!$G$5:$G$504,$J11)),"",INDEX('Product Backlog'!$G$5:$G$504,$J11))) -> 46309 | H11: =IF($J11="","",IF(ISBLANK(INDEX('Product Backlog'!$H$5:$H$504,$J11)),"",INDEX('Product Backlog'!$H$5:$H$504,$J11))) -> 3 | I11: =IF($J11="","",IF(ISBLANK(INDEX('Product Backlog'!$I$5:$I$504,$J11)),"",INDEX('Product Backlog'!$I$5:$I$504,$J11))) -> 50 | J11: =IFERROR(MATCH($B$4&"-"&ROWS($A$10:A11),'Product Backlog'!$J$5:$J$504,0),"") -> 8
A12: =IF($J12="","",IF(ISBLANK(INDEX('Product Backlog'!$A$5:$A$504,$J12)),"",INDEX('Product Backlog'!$A$5:$A$504,$J12))) -> 9 | B12: =IF($J12="","",IF(ISBLANK(INDEX('Product Backlog'!$B$5:$B$504,$J12)),"",INDEX('Product Backlog'!$B$5:$B$504,$J12))) -> 3 | C12: =IF($J12="","",IF(ISBLANK(INDEX('Product Backlog'!$C$5:$C$504,$J12)),"",INDEX('Product Backlog'!$C$5:$C$504,$J12))) -> Updated UI | D12: =IF($J12="","",IF(ISBLANK(INDEX('Product Backlog'!$D$5:$D$504,$J12)),"",INDEX('Product Backlog'!$D$5:$D$504,$J12))) -> Completed | E12: =IF($J12="","",IF(ISBLANK(INDEX('Product Backlog'!$E$5:$E$504,$J12)),"",INDEX('Product Backlog'!$E$5:$E$504,$J12))) -> chropic | F12: =IF($J12="","",IF(ISBLANK(INDEX('Product Backlog'!$F$5:$F$504,$J12)),"",INDEX('Product Backlog'!$F$5:$F$504,$J12))) -> 46302 | G12: =IF($J12="","",IF(ISBLANK(INDEX('Product Backlog'!$G$5:$G$504,$J12)),"",INDEX('Product Backlog'!$G$5:$G$504,$J12))) -> 46304 | H12: =IF($J12="","",IF(ISBLANK(INDEX('Product Backlog'!$H$5:$H$504,$J12)),"",INDEX('Product Backlog'!$H$5:$H$504,$J12))) -> 1.5 | I12: =IF($J12="","",IF(ISBLANK(INDEX('Product Backlog'!$I$5:$I$504,$J12)),"",INDEX('Product Backlog'!$I$5:$I$504,$J12))) -> 35 | J12: =IFERROR(MATCH($B$4&"-"&ROWS($A$10:A12),'Product Backlog'!$J$5:$J$504,0),"") -> 9
A13: =IF($J13="","",IF(ISBLANK(INDEX('Product Backlog'!$A$5:$A$504,$J13)),"",INDEX('Product Backlog'!$A$5:$A$504,$J13))) | B13: =IF($J13="","",IF(ISBLANK(INDEX('Product Backlog'!$B$5:$B$504,$J13)),"",INDEX('Product Backlog'!$B$5:$B$504,$J13))) | C13: =IF($J13="","",IF(ISBLANK(INDEX('Product Backlog'!$C$5:$C$504,$J13)),"",INDEX('Product Backlog'!$C$5:$C$504,$J13))) | D13: =IF($J13="","",IF(ISBLANK(INDEX('Product Backlog'!$D$5:$D$504,$J13)),"",INDEX('Product Backlog'!$D$5:$D$504,$J13))) | E13: =IF($J13="","",IF(ISBLANK(INDEX('Product Backlog'!$E$5:$E$504,$J13)),"",INDEX('Product Backlog'!$E$5:$E$504,$J13))) | F13: =IF($J13="","",IF(ISBLANK(INDEX('Product Backlog'!$F$5:$F$504,$J13)),"",INDEX('Product Backlog'!$F$5:$F$504,$J13))) | G13: =IF($J13="","",IF(ISBLANK(INDEX('Product Backlog'!$G$5:$G$504,$J13)),"",INDEX('Product Backlog'!$G$5:$G$504,$J13))) | H13: =IF($J13="","",IF(ISBLANK(INDEX('Product Backlog'!$H$5:$H$504,$J13)),"",INDEX('Product Backlog'!$H$5:$H$504,$J13))) | I13: =IF($J13="","",IF(ISBLANK(INDEX('Product Backlog'!$I$5:$I$504,$J13)),"",INDEX('Product Backlog'!$I$5:$I$504,$J13))) | J13: =IFERROR(MATCH($B$4&"-"&ROWS($A$10:A13),'Product Backlog'!$J$5:$J$504,0),"")
A14: =IF($J14="","",IF(ISBLANK(INDEX('Product Backlog'!$A$5:$A$504,$J14)),"",INDEX('Product Backlog'!$A$5:$A$504,$J14))) | B14: =IF($J14="","",IF(ISBLANK(INDEX('Product Backlog'!$B$5:$B$504,$J14)),"",INDEX('Product Backlog'!$B$5:$B$504,$J14))) | C14: =IF($J14="","",IF(ISBLANK(INDEX('Product Backlog'!$C$5:$C$504,$J14)),"",INDEX('Product Backlog'!$C$5:$C$504,$J14))) | D14: =IF($J14="","",IF(ISBLANK(INDEX('Product Backlog'!$D$5:$D$504,$J14)),"",INDEX('Product Backlog'!$D$5:$D$504,$J14))) | E14: =IF($J14="","",IF(ISBLANK(INDEX('Product Backlog'!$E$5:$E$504,$J14)),"",INDEX('Product Backlog'!$E$5:$E$504,$J14))) | F14: =IF($J14="","",IF(ISBLANK(INDEX('Product Backlog'!$F$5:$F$504,$J14)),"",INDEX('Product Backlog'!$F$5:$F$504,$J14))) | G14: =IF($J14="","",IF(ISBLANK(INDEX('Product Backlog'!$G$5:$G$504,$J14)),"",INDEX('Product Backlog'!$G$5:$G$504,$J14))) | H14: =IF($J14="","",IF(ISBLANK(INDEX('Product Backlog'!$H$5:$H$504,$J14)),"",INDEX('Product Backlog'!$H$5:$H$504,$J14))) | I14: =IF($J14="","",IF(ISBLANK(INDEX('Product Backlog'!$I$5:$I$504,$J14)),"",INDEX('Product Backlog'!$I$5:$I$504,$J14))) | J14: =IFERROR(MATCH($B$4&"-"&ROWS($A$10:A14),'Product Backlog'!$J$5:$J$504,0),"")
A15: =IF($J15="","",IF(ISBLANK(INDEX('Product Backlog'!$A$5:$A$504,$J15)),"",INDEX('Product Backlog'!$A$5:$A$504,$J15))) | B15: =IF($J15="","",IF(ISBLANK(INDEX('Product Backlog'!$B$5:$B$504,$J15)),"",INDEX('Product Backlog'!$B$5:$B$504,$J15))) | C15: =IF($J15="","",IF(ISBLANK(INDEX('Product Backlog'!$C$5:$C$504,$J15)),"",INDEX('Product Backlog'!$C$5:$C$504,$J15))) | D15: =IF($J15="","",IF(ISBLANK(INDEX('Product Backlog'!$D$5:$D$504,$J15)),"",INDEX('Product Backlog'!$D$5:$D$504,$J15))) | E15: =IF($J15="","",IF(ISBLANK(INDEX('Product Backlog'!$E$5:$E$504,$J15)),"",INDEX('Product Backlog'!$E$5:$E$504,$J15))) | F15: =IF($J15="","",IF(ISBLANK(INDEX('Product Backlog'!$F$5:$F$504,$J15)),"",INDEX('Product Backlog'!$F$5:$F$504,$J15))) | G15: =IF($J15="","",IF(ISBLANK(INDEX('Product Backlog'!$G$5:$G$504,$J15)),"",INDEX('Product Backlog'!$G$5:$G$504,$J15))) | H15: =IF($J15="","",IF(ISBLANK(INDEX('Product Backlog'!$H$5:$H$504,$J15)),"",INDEX('Product Backlog'!$H$5:$H$504,$J15))) | I15: =IF($J15="","",IF(ISBLANK(INDEX('Product Backlog'!$I$5:$I$504,$J15)),"",INDEX('Product Backlog'!$I$5:$I$504,$J15))) | J15: =IFERROR(MATCH($B$4&"-"&ROWS($A$10:A15),'Product Backlog'!$J$5:$J$504,0),"")
A16: =IF($J16="","",IF(ISBLANK(INDEX('Product Backlog'!$A$5:$A$504,$J16)),"",INDEX('Product Backlog'!$A$5:$A$504,$J16))) | B16: =IF($J16="","",IF(ISBLANK(INDEX('Product Backlog'!$B$5:$B$504,$J16)),"",INDEX('Product Backlog'!$B$5:$B$504,$J16))) | C16: =IF($J16="","",IF(ISBLANK(INDEX('Product Backlog'!$C$5:$C$504,$J16)),"",INDEX('Product Backlog'!$C$5:$C$504,$J16))) | D16: =IF($J16="","",IF(ISBLANK(INDEX('Product Backlog'!$D$5:$D$504,$J16)),"",INDEX('Product Backlog'!$D$5:$D$504,$J16))) | E16: =IF($J16="","",IF(ISBLANK(INDEX('Product Backlog'!$E$5:$E$504,$J16)),"",INDEX('Product Backlog'!$E$5:$E$504,$J16))) | F16: =IF($J16="","",IF(ISBLANK(INDEX('Product Backlog'!$F$5:$F$504,$J16)),"",INDEX('Product Backlog'!$F$5:$F$504,$J16))) | G16: =IF($J16="","",IF(ISBLANK(INDEX('Product Backlog'!$G$5:$G$504,$J16)),"",INDEX('Product Backlog'!$G$5:$G$504,$J16))) | H16: =IF($J16="","",IF(ISBLANK(INDEX('Product Backlog'!$H$5:$H$504,$J16)),"",INDEX('Product Backlog'!$H$5:$H$504,$J16))) | I16: =IF($J16="","",IF(ISBLANK(INDEX('Product Backlog'!$I$5:$I$504,$J16)),"",INDEX('Product Backlog'!$I$5:$I$504,$J16))) | J16: =IFERROR(MATCH($B$4&"-"&ROWS($A$10:A16),'Product Backlog'!$J$5:$J$504,0),"")
A17: =IF($J17="","",IF(ISBLANK(INDEX('Product Backlog'!$A$5:$A$504,$J17)),"",INDEX('Product Backlog'!$A$5:$A$504,$J17))) | B17: =IF($J17="","",IF(ISBLANK(INDEX('Product Backlog'!$B$5:$B$504,$J17)),"",INDEX('Product Backlog'!$B$5:$B$504,$J17))) | C17: =IF($J17="","",IF(ISBLANK(INDEX('Product Backlog'!$C$5:$C$504,$J17)),"",INDEX('Product Backlog'!$C$5:$C$504,$J17))) | D17: =IF($J17="","",IF(ISBLANK(INDEX('Product Backlog'!$D$5:$D$504,$J17)),"",INDEX('Product Backlog'!$D$5:$D$504,$J17))) | E17: =IF($J17="","",IF(ISBLANK(INDEX('Product Backlog'!$E$5:$E$504,$J17)),"",INDEX('Product Backlog'!$E$5:$E$504,$J17))) | F17: =IF($J17="","",IF(ISBLANK(INDEX('Product Backlog'!$F$5:$F$504,$J17)),"",INDEX('Product Backlog'!$F$5:$F$504,$J17))) | G17: =IF($J17="","",IF(ISBLANK(INDEX('Product Backlog'!$G$5:$G$504,$J17)),"",INDEX('Product Backlog'!$G$5:$G$504,$J17))) | H17: =IF($J17="","",IF(ISBLANK(INDEX('Product Backlog'!$H$5:$H$504,$J17)),"",INDEX('Product Backlog'!$H$5:$H$504,$J17))) | I17: =IF($J17="","",IF(ISBLANK(INDEX('Product Backlog'!$I$5:$I$504,$J17)),"",INDEX('Product Backlog'!$I$5:$I$504,$J17))) | J17: =IFERROR(MATCH($B$4&"-"&ROWS($A$10:A17),'Product Backlog'!$J$5:$J$504,0),"")
A18: =IF($J18="","",IF(ISBLANK(INDEX('Product Backlog'!$A$5:$A$504,$J18)),"",INDEX('Product Backlog'!$A$5:$A$504,$J18))) | B18: =IF($J18="","",IF(ISBLANK(INDEX('Product Backlog'!$B$5:$B$504,$J18)),"",INDEX('Product Backlog'!$B$5:$B$504,$J18))) | C18: =IF($J18="","",IF(ISBLANK(INDEX('Product Backlog'!$C$5:$C$504,$J18)),"",INDEX('Product Backlog'!$C$5:$C$504,$J18))) | D18: =IF($J18="","",IF(ISBLANK(INDEX('Product Backlog'!$D$5:$D$504,$J18)),"",INDEX('Product Backlog'!$D$5:$D$504,$J18))) | E18: =IF($J18="","",IF(ISBLANK(INDEX('Product Backlog'!$E$5:$E$504,$J18)),"",INDEX('Product Backlog'!$E$5:$E$504,$J18))) | F18: =IF($J18="","",IF(ISBLANK(INDEX('Product Backlog'!$F$5:$F$504,$J18)),"",INDEX('Product Backlog'!$F$5:$F$504,$J18))) | G18: =IF($J18="","",IF(ISBLANK(INDEX('Product Backlog'!$G$5:$G$504,$J18)),"",INDEX('Product Backlog'!$G$5:$G$504,$J18))) | H18: =IF($J18="","",IF(ISBLANK(INDEX('Product Backlog'!$H$5:$H$504,$J18)),"",INDEX('Product Backlog'!$H$5:$H$504,$J18))) | I18: =IF($J18="","",IF(ISBLANK(INDEX('Product Backlog'!$I$5:$I$504,$J18)),"",INDEX('Product Backlog'!$I$5:$I$504,$J18))) | J18: =IFERROR(MATCH($B$4&"-"&ROWS($A$10:A18),'Product Backlog'!$J$5:$J$504,0),"")
A19: =IF($J19="","",IF(ISBLANK(INDEX('Product Backlog'!$A$5:$A$504,$J19)),"",INDEX('Product Backlog'!$A$5:$A$504,$J19))) | B19: =IF($J19="","",IF(ISBLANK(INDEX('Product Backlog'!$B$5:$B$504,$J19)),"",INDEX('Product Backlog'!$B$5:$B$504,$J19))) | C19: =IF($J19="","",IF(ISBLANK(INDEX('Product Backlog'!$C$5:$C$504,$J19)),"",INDEX('Product Backlog'!$C$5:$C$504,$J19))) | D19: =IF($J19="","",IF(ISBLANK(INDEX('Product Backlog'!$D$5:$D$504,$J19)),"",INDEX('Product Backlog'!$D$5:$D$504,$J19))) | E19: =IF($J19="","",IF(ISBLANK(INDEX('Product Backlog'!$E$5:$E$504,$J19)),"",INDEX('Product Backlog'!$E$5:$E$504,$J19))) | F19: =IF($J19="","",IF(ISBLANK(INDEX('Product Backlog'!$F$5:$F$504,$J19)),"",INDEX('Product Backlog'!$F$5:$F$504,$J19))) | G19: =IF($J19="","",IF(ISBLANK(INDEX('Product Backlog'!$G$5:$G$504,$J19)),"",INDEX('Product Backlog'!$G$5:$G$504,$J19))) | H19: =IF($J19="","",IF(ISBLANK(INDEX('Product Backlog'!$H$5:$H$504,$J19)),"",INDEX('Product Backlog'!$H$5:$H$504,$J19))) | I19: =IF($J19="","",IF(ISBLANK(INDEX('Product Backlog'!$I$5:$I$504,$J19)),"",INDEX('Product Backlog'!$I$5:$I$504,$J19))) | J19: =IFERROR(MATCH($B$4&"-"&ROWS($A$10:A19),'Product Backlog'!$J$5:$J$504,0),"")
A20: =IF($J20="","",IF(ISBLANK(INDEX('Product Backlog'!$A$5:$A$504,$J20)),"",INDEX('Product Backlog'!$A$5:$A$504,$J20))) | B20: =IF($J20="","",IF(ISBLANK(INDEX('Product Backlog'!$B$5:$B$504,$J20)),"",INDEX('Product Backlog'!$B$5:$B$504,$J20))) | C20: =IF($J20="","",IF(ISBLANK(INDEX('Product Backlog'!$C$5:$C$504,$J20)),"",INDEX('Product Backlog'!$C$5:$C$504,$J20))) | D20: =IF($J20="","",IF(ISBLANK(INDEX('Product Backlog'!$D$5:$D$504,$J20)),"",INDEX('Product Backlog'!$D$5:$D$504,$J20))) | E20: =IF($J20="","",IF(ISBLANK(INDEX('Product Backlog'!$E$5:$E$504,$J20)),"",INDEX('Product Backlog'!$E$5:$E$504,$J20))) | F20: =IF($J20="","",IF(ISBLANK(INDEX('Product Backlog'!$F$5:$F$504,$J20)),"",INDEX('Product Backlog'!$F$5:$F$504,$J20))) | G20: =IF($J20="","",IF(ISBLANK(INDEX('Product Backlog'!$G$5:$G$504,$J20)),"",INDEX('Product Backlog'!$G$5:$G$504,$J20))) | H20: =IF($J20="","",IF(ISBLANK(INDEX('Product Backlog'!$H$5:$H$504,$J20)),"",INDEX('Product Backlog'!$H$5:$H$504,$J20))) | I20: =IF($J20="","",IF(ISBLANK(INDEX('Product Backlog'!$I$5:$I$504,$J20)),"",INDEX('Product Backlog'!$I$5:$I$504,$J20))) | J20: =IFERROR(MATCH($B$4&"-"&ROWS($A$10:A20),'Product Backlog'!$J$5:$J$504,0),"")
A21: =IF($J21="","",IF(ISBLANK(INDEX('Product Backlog'!$A$5:$A$504,$J21)),"",INDEX('Product Backlog'!$A$5:$A$504,$J21))) | B21: =IF($J21="","",IF(ISBLANK(INDEX('Product Backlog'!$B$5:$B$504,$J21)),"",INDEX('Product Backlog'!$B$5:$B$504,$J21))) | C21: =IF($J21="","",IF(ISBLANK(INDEX('Product Backlog'!$C$5:$C$504,$J21)),"",INDEX('Product Backlog'!$C$5:$C$504,$J21))) | D21: =IF($J21="","",IF(ISBLANK(INDEX('Product Backlog'!$D$5:$D$504,$J21)),"",INDEX('Product Backlog'!$D$5:$D$504,$J21))) | E21: =IF($J21="","",IF(ISBLANK(INDEX('Product Backlog'!$E$5:$E$504,$J21)),"",INDEX('Product Backlog'!$E$5:$E$504,$J21))) | F21: =IF($J21="","",IF(ISBLANK(INDEX('Product Backlog'!$F$5:$F$504,$J21)),"",INDEX('Product Backlog'!$F$5:$F$504,$J21))) | G21: =IF($J21="","",IF(ISBLANK(INDEX('Product Backlog'!$G$5:$G$504,$J21)),"",INDEX('Product Backlog'!$G$5:$G$504,$J21))) | H21: =IF($J21="","",IF(ISBLANK(INDEX('Product Backlog'!$H$5:$H$504,$J21)),"",INDEX('Product Backlog'!$H$5:$H$504,$J21))) | I21: =IF($J21="","",IF(ISBLANK(INDEX('Product Backlog'!$I$5:$I$504,$J21)),"",INDEX('Product Backlog'!$I$5:$I$504,$J21))) | J21: =IFERROR(MATCH($B$4&"-"&ROWS($A$10:A21),'Product Backlog'!$J$5:$J$504,0),"")
... A109: =IF($J109="","",IF(ISBLANK(INDEX('Product Backlog'!$A$5:$A$504,$J109)),"",INDEX('Product Backlog'!$A$5:$A$504,$J109))) | B109: =IF($J109="","",IF(ISBLANK(INDEX('Product Backlog'!$B$5:$B$504,$J109)),"",INDEX('Product Backlog'!$B$5:$B$504,$J109))) | C109: =IF($J109="","",IF(ISBLANK(INDEX('Product Backlog'!$C$5:$C$504,$J109)),"",INDEX('Product Backlog'!$C$5:$C$504,$J109))) | D109: =IF($J109="","",IF(ISBLANK(INDEX('Product Backlog'!$D$5:$D$504,$J109)),"",INDEX('Product Backlog'!$D$5:$D$504,$J109))) | E109: =IF($J109="","",IF(ISBLANK(INDEX('Product Backlog'!$E$5:$E$504,$J109)),"",INDEX('Product Backlog'!$E$5:$E$504,$J109))) | F109: =IF($J109="","",IF(ISBLANK(INDEX('Product Backlog'!$F$5:$F$504,$J109)),"",INDEX('Product Backlog'!$F$5:$F$504,$J109))) | G109: =IF($J109="","",IF(ISBLANK(INDEX('Product Backlog'!$G$5:$G$504,$J109)),"",INDEX('Product Backlog'!$G$5:$G$504,$J109))) | H109: =IF($J109="","",IF(ISBLANK(INDEX('Product Backlog'!$H$5:$H$504,$J109)),"",INDEX('Product Backlog'!$H$5:$H$504,$J109))) | I109: =IF($J109="","",IF(ISBLANK(INDEX('Product Backlog'!$I$5:$I$504,$J109)),"",INDEX('Product Backlog'!$I$5:$I$504,$J109))) | J109: =IFERROR(MATCH($B$4&"-"&ROWS($A$10:A109),'Product Backlog'!$J$5:$J$504,0),"")

Sheet Sprint 4
A1: Sprint 4
A2: Sprint 4 records and backlog view. Edit task details on the Product Backlog sheet; this view updates from the Sprint #.
A4: Sprint # | B4: 4 | D4: Start date | E4: 46316 | G4: End date | H4: 46325
A5: Sprint goal | B5: Goal to be defined.
A7: Tasks | B7: =COUNTIFS('Product Backlog'!$B$5:$B$504,4,'Product Backlog'!$C$5:$C$504,"<>") -> 0 | C7: Completed | D7: =COUNTIFS('Product Backlog'!$B$5:$B$504,4,'Product Backlog'!$D$5:$D$504,"Done")+COUNTIFS('Product Backlog'!$B$5:$B$504,4,'Product Backlog'!$D$5:$D$504,"Completed") -> 0 | E7: Hours logged | F7: =SUMIFS('Product Backlog'!$H$5:$H$504,'Product Backlog'!$B$5:$B$504,4) -> 0 | G7: Work points | H7: =SUMIFS('Product Backlog'!$I$5:$I$504,'Product Backlog'!$B$5:$B$504,4) -> 0
A8: Auto-generated view. Do not enter tasks here; add or change them on Product Backlog.
A9: Task # | B9: Sprint # | C9: Task description | D9: Status | E9: Maintainer | F9: Date added | G9: Date completed | H9: Hours to complete | I9: Work points assigned
A10: =IF($J10="","",IF(ISBLANK(INDEX('Product Backlog'!$A$5:$A$504,$J10)),"",INDEX('Product Backlog'!$A$5:$A$504,$J10))) | B10: =IF($J10="","",IF(ISBLANK(INDEX('Product Backlog'!$B$5:$B$504,$J10)),"",INDEX('Product Backlog'!$B$5:$B$504,$J10))) | C10: =IF($J10="","",IF(ISBLANK(INDEX('Product Backlog'!$C$5:$C$504,$J10)),"",INDEX('Product Backlog'!$C$5:$C$504,$J10))) | D10: =IF($J10="","",IF(ISBLANK(INDEX('Product Backlog'!$D$5:$D$504,$J10)),"",INDEX('Product Backlog'!$D$5:$D$504,$J10))) | E10: =IF($J10="","",IF(ISBLANK(INDEX('Product Backlog'!$E$5:$E$504,$J10)),"",INDEX('Product Backlog'!$E$5:$E$504,$J10))) | F10: =IF($J10="","",IF(ISBLANK(INDEX('Product Backlog'!$F$5:$F$504,$J10)),"",INDEX('Product Backlog'!$F$5:$F$504,$J10))) | G10: =IF($J10="","",IF(ISBLANK(INDEX('Product Backlog'!$G$5:$G$504,$J10)),"",INDEX('Product Backlog'!$G$5:$G$504,$J10))) | H10: =IF($J10="","",IF(ISBLANK(INDEX('Product Backlog'!$H$5:$H$504,$J10)),"",INDEX('Product Backlog'!$H$5:$H$504,$J10))) | I10: =IF($J10="","",IF(ISBLANK(INDEX('Product Backlog'!$I$5:$I$504,$J10)),"",INDEX('Product Backlog'!$I$5:$I$504,$J10))) | J10: =IFERROR(MATCH($B$4&"-"&ROWS($A$10:A10),'Product Backlog'!$J$5:$J$504,0),"")
A11: =IF($J11="","",IF(ISBLANK(INDEX('Product Backlog'!$A$5:$A$504,$J11)),"",INDEX('Product Backlog'!$A$5:$A$504,$J11))) | B11: =IF($J11="","",IF(ISBLANK(INDEX('Product Backlog'!$B$5:$B$504,$J11)),"",INDEX('Product Backlog'!$B$5:$B$504,$J11))) | C11: =IF($J11="","",IF(ISBLANK(INDEX('Product Backlog'!$C$5:$C$504,$J11)),"",INDEX('Product Backlog'!$C$5:$C$504,$J11))) | D11: =IF($J11="","",IF(ISBLANK(INDEX('Product Backlog'!$D$5:$D$504,$J11)),"",INDEX('Product Backlog'!$D$5:$D$504,$J11))) | E11: =IF($J11="","",IF(ISBLANK(INDEX('Product Backlog'!$E$5:$E$504,$J11)),"",INDEX('Product Backlog'!$E$5:$E$504,$J11))) | F11: =IF($J11="","",IF(ISBLANK(INDEX('Product Backlog'!$F$5:$F$504,$J11)),"",INDEX('Product Backlog'!$F$5:$F$504,$J11))) | G11: =IF($J11="","",IF(ISBLANK(INDEX('Product Backlog'!$G$5:$G$504,$J11)),"",INDEX('Product Backlog'!$G$5:$G$504,$J11))) | H11: =IF($J11="","",IF(ISBLANK(INDEX('Product Backlog'!$H$5:$H$504,$J11)),"",INDEX('Product Backlog'!$H$5:$H$504,$J11))) | I11: =IF($J11="","",IF(ISBLANK(INDEX('Product Backlog'!$I$5:$I$504,$J11)),"",INDEX('Product Backlog'!$I$5:$I$504,$J11))) | J11: =IFERROR(MATCH($B$4&"-"&ROWS($A$10:A11),'Product Backlog'!$J$5:$J$504,0),"")
A12: =IF($J12="","",IF(ISBLANK(INDEX('Product Backlog'!$A$5:$A$504,$J12)),"",INDEX('Product Backlog'!$A$5:$A$504,$J12))) | B12: =IF($J12="","",IF(ISBLANK(INDEX('Product Backlog'!$B$5:$B$504,$J12)),"",INDEX('Product Backlog'!$B$5:$B$504,$J12))) | C12: =IF($J12="","",IF(ISBLANK(INDEX('Product Backlog'!$C$5:$C$504,$J12)),"",INDEX('Product Backlog'!$C$5:$C$504,$J12))) | D12: =IF($J12="","",IF(ISBLANK(INDEX('Product Backlog'!$D$5:$D$504,$J12)),"",INDEX('Product Backlog'!$D$5:$D$504,$J12))) | E12: =IF($J12="","",IF(ISBLANK(INDEX('Product Backlog'!$E$5:$E$504,$J12)),"",INDEX('Product Backlog'!$E$5:$E$504,$J12))) | F12: =IF($J12="","",IF(ISBLANK(INDEX('Product Backlog'!$F$5:$F$504,$J12)),"",INDEX('Product Backlog'!$F$5:$F$504,$J12))) | G12: =IF($J12="","",IF(ISBLANK(INDEX('Product Backlog'!$G$5:$G$504,$J12)),"",INDEX('Product Backlog'!$G$5:$G$504,$J12))) | H12: =IF($J12="","",IF(ISBLANK(INDEX('Product Backlog'!$H$5:$H$504,$J12)),"",INDEX('Product Backlog'!$H$5:$H$504,$J12))) | I12: =IF($J12="","",IF(ISBLANK(INDEX('Product Backlog'!$I$5:$I$504,$J12)),"",INDEX('Product Backlog'!$I$5:$I$504,$J12))) | J12: =IFERROR(MATCH($B$4&"-"&ROWS($A$10:A12),'Product Backlog'!$J$5:$J$504,0),"")
A13: =IF($J13="","",IF(ISBLANK(INDEX('Product Backlog'!$A$5:$A$504,$J13)),"",INDEX('Product Backlog'!$A$5:$A$504,$J13))) | B13: =IF($J13="","",IF(ISBLANK(INDEX('Product Backlog'!$B$5:$B$504,$J13)),"",INDEX('Product Backlog'!$B$5:$B$504,$J13))) | C13: =IF($J13="","",IF(ISBLANK(INDEX('Product Backlog'!$C$5:$C$504,$J13)),"",INDEX('Product Backlog'!$C$5:$C$504,$J13))) | D13: =IF($J13="","",IF(ISBLANK(INDEX('Product Backlog'!$D$5:$D$504,$J13)),"",INDEX('Product Backlog'!$D$5:$D$504,$J13))) | E13: =IF($J13="","",IF(ISBLANK(INDEX('Product Backlog'!$E$5:$E$504,$J13)),"",INDEX('Product Backlog'!$E$5:$E$504,$J13))) | F13: =IF($J13="","",IF(ISBLANK(INDEX('Product Backlog'!$F$5:$F$504,$J13)),"",INDEX('Product Backlog'!$F$5:$F$504,$J13))) | G13: =IF($J13="","",IF(ISBLANK(INDEX('Product Backlog'!$G$5:$G$504,$J13)),"",INDEX('Product Backlog'!$G$5:$G$504,$J13))) | H13: =IF($J13="","",IF(ISBLANK(INDEX('Product Backlog'!$H$5:$H$504,$J13)),"",INDEX('Product Backlog'!$H$5:$H$504,$J13))) | I13: =IF($J13="","",IF(ISBLANK(INDEX('Product Backlog'!$I$5:$I$504,$J13)),"",INDEX('Product Backlog'!$I$5:$I$504,$J13))) | J13: =IFERROR(MATCH($B$4&"-"&ROWS($A$10:A13),'Product Backlog'!$J$5:$J$504,0),"")
A14: =IF($J14="","",IF(ISBLANK(INDEX('Product Backlog'!$A$5:$A$504,$J14)),"",INDEX('Product Backlog'!$A$5:$A$504,$J14))) | B14: =IF($J14="","",IF(ISBLANK(INDEX('Product Backlog'!$B$5:$B$504,$J14)),"",INDEX('Product Backlog'!$B$5:$B$504,$J14))) | C14: =IF($J14="","",IF(ISBLANK(INDEX('Product Backlog'!$C$5:$C$504,$J14)),"",INDEX('Product Backlog'!$C$5:$C$504,$J14))) | D14: =IF($J14="","",IF(ISBLANK(INDEX('Product Backlog'!$D$5:$D$504,$J14)),"",INDEX('Product Backlog'!$D$5:$D$504,$J14))) | E14: =IF($J14="","",IF(ISBLANK(INDEX('Product Backlog'!$E$5:$E$504,$J14)),"",INDEX('Product Backlog'!$E$5:$E$504,$J14))) | F14: =IF($J14="","",IF(ISBLANK(INDEX('Product Backlog'!$F$5:$F$504,$J14)),"",INDEX('Product Backlog'!$F$5:$F$504,$J14))) | G14: =IF($J14="","",IF(ISBLANK(INDEX('Product Backlog'!$G$5:$G$504,$J14)),"",INDEX('Product Backlog'!$G$5:$G$504,$J14))) | H14: =IF($J14="","",IF(ISBLANK(INDEX('Product Backlog'!$H$5:$H$504,$J14)),"",INDEX('Product Backlog'!$H$5:$H$504,$J14))) | I14: =IF($J14="","",IF(ISBLANK(INDEX('Product Backlog'!$I$5:$I$504,$J14)),"",INDEX('Product Backlog'!$I$5:$I$504,$J14))) | J14: =IFERROR(MATCH($B$4&"-"&ROWS($A$10:A14),'Product Backlog'!$J$5:$J$504,0),"")
A15: =IF($J15="","",IF(ISBLANK(INDEX('Product Backlog'!$A$5:$A$504,$J15)),"",INDEX('Product Backlog'!$A$5:$A$504,$J15))) | B15: =IF($J15="","",IF(ISBLANK(INDEX('Product Backlog'!$B$5:$B$504,$J15)),"",INDEX('Product Backlog'!$B$5:$B$504,$J15))) | C15: =IF($J15="","",IF(ISBLANK(INDEX('Product Backlog'!$C$5:$C$504,$J15)),"",INDEX('Product Backlog'!$C$5:$C$504,$J15))) | D15: =IF($J15="","",IF(ISBLANK(INDEX('Product Backlog'!$D$5:$D$504,$J15)),"",INDEX('Product Backlog'!$D$5:$D$504,$J15))) | E15: =IF($J15="","",IF(ISBLANK(INDEX('Product Backlog'!$E$5:$E$504,$J15)),"",INDEX('Product Backlog'!$E$5:$E$504,$J15))) | F15: =IF($J15="","",IF(ISBLANK(INDEX('Product Backlog'!$F$5:$F$504,$J15)),"",INDEX('Product Backlog'!$F$5:$F$504,$J15))) | G15: =IF($J15="","",IF(ISBLANK(INDEX('Product Backlog'!$G$5:$G$504,$J15)),"",INDEX('Product Backlog'!$G$5:$G$504,$J15))) | H15: =IF($J15="","",IF(ISBLANK(INDEX('Product Backlog'!$H$5:$H$504,$J15)),"",INDEX('Product Backlog'!$H$5:$H$504,$J15))) | I15: =IF($J15="","",IF(ISBLANK(INDEX('Product Backlog'!$I$5:$I$504,$J15)),"",INDEX('Product Backlog'!$I$5:$I$504,$J15))) | J15: =IFERROR(MATCH($B$4&"-"&ROWS($A$10:A15),'Product Backlog'!$J$5:$J$504,0),"")
A16: =IF($J16="","",IF(ISBLANK(INDEX('Product Backlog'!$A$5:$A$504,$J16)),"",INDEX('Product Backlog'!$A$5:$A$504,$J16))) | B16: =IF($J16="","",IF(ISBLANK(INDEX('Product Backlog'!$B$5:$B$504,$J16)),"",INDEX('Product Backlog'!$B$5:$B$504,$J16))) | C16: =IF($J16="","",IF(ISBLANK(INDEX('Product Backlog'!$C$5:$C$504,$J16)),"",INDEX('Product Backlog'!$C$5:$C$504,$J16))) | D16: =IF($J16="","",IF(ISBLANK(INDEX('Product Backlog'!$D$5:$D$504,$J16)),"",INDEX('Product Backlog'!$D$5:$D$504,$J16))) | E16: =IF($J16="","",IF(ISBLANK(INDEX('Product Backlog'!$E$5:$E$504,$J16)),"",INDEX('Product Backlog'!$E$5:$E$504,$J16))) | F16: =IF($J16="","",IF(ISBLANK(INDEX('Product Backlog'!$F$5:$F$504,$J16)),"",INDEX('Product Backlog'!$F$5:$F$504,$J16))) | G16: =IF($J16="","",IF(ISBLANK(INDEX('Product Backlog'!$G$5:$G$504,$J16)),"",INDEX('Product Backlog'!$G$5:$G$504,$J16))) | H16: =IF($J16="","",IF(ISBLANK(INDEX('Product Backlog'!$H$5:$H$504,$J16)),"",INDEX('Product Backlog'!$H$5:$H$504,$J16))) | I16: =IF($J16="","",IF(ISBLANK(INDEX('Product Backlog'!$I$5:$I$504,$J16)),"",INDEX('Product Backlog'!$I$5:$I$504,$J16))) | J16: =IFERROR(MATCH($B$4&"-"&ROWS($A$10:A16),'Product Backlog'!$J$5:$J$504,0),"")
A17: =IF($J17="","",IF(ISBLANK(INDEX('Product Backlog'!$A$5:$A$504,$J17)),"",INDEX('Product Backlog'!$A$5:$A$504,$J17))) | B17: =IF($J17="","",IF(ISBLANK(INDEX('Product Backlog'!$B$5:$B$504,$J17)),"",INDEX('Product Backlog'!$B$5:$B$504,$J17))) | C17: =IF($J17="","",IF(ISBLANK(INDEX('Product Backlog'!$C$5:$C$504,$J17)),"",INDEX('Product Backlog'!$C$5:$C$504,$J17))) | D17: =IF($J17="","",IF(ISBLANK(INDEX('Product Backlog'!$D$5:$D$504,$J17)),"",INDEX('Product Backlog'!$D$5:$D$504,$J17))) | E17: =IF($J17="","",IF(ISBLANK(INDEX('Product Backlog'!$E$5:$E$504,$J17)),"",INDEX('Product Backlog'!$E$5:$E$504,$J17))) | F17: =IF($J17="","",IF(ISBLANK(INDEX('Product Backlog'!$F$5:$F$504,$J17)),"",INDEX('Product Backlog'!$F$5:$F$504,$J17))) | G17: =IF($J17="","",IF(ISBLANK(INDEX('Product Backlog'!$G$5:$G$504,$J17)),"",INDEX('Product Backlog'!$G$5:$G$504,$J17))) | H17: =IF($J17="","",IF(ISBLANK(INDEX('Product Backlog'!$H$5:$H$504,$J17)),"",INDEX('Product Backlog'!$H$5:$H$504,$J17))) | I17: =IF($J17="","",IF(ISBLANK(INDEX('Product Backlog'!$I$5:$I$504,$J17)),"",INDEX('Product Backlog'!$I$5:$I$504,$J17))) | J17: =IFERROR(MATCH($B$4&"-"&ROWS($A$10:A17),'Product Backlog'!$J$5:$J$504,0),"")
A18: =IF($J18="","",IF(ISBLANK(INDEX('Product Backlog'!$A$5:$A$504,$J18)),"",INDEX('Product Backlog'!$A$5:$A$504,$J18))) | B18: =IF($J18="","",IF(ISBLANK(INDEX('Product Backlog'!$B$5:$B$504,$J18)),"",INDEX('Product Backlog'!$B$5:$B$504,$J18))) | C18: =IF($J18="","",IF(ISBLANK(INDEX('Product Backlog'!$C$5:$C$504,$J18)),"",INDEX('Product Backlog'!$C$5:$C$504,$J18))) | D18: =IF($J18="","",IF(ISBLANK(INDEX('Product Backlog'!$D$5:$D$504,$J18)),"",INDEX('Product Backlog'!$D$5:$D$504,$J18))) | E18: =IF($J18="","",IF(ISBLANK(INDEX('Product Backlog'!$E$5:$E$504,$J18)),"",INDEX('Product Backlog'!$E$5:$E$504,$J18))) | F18: =IF($J18="","",IF(ISBLANK(INDEX('Product Backlog'!$F$5:$F$504,$J18)),"",INDEX('Product Backlog'!$F$5:$F$504,$J18))) | G18: =IF($J18="","",IF(ISBLANK(INDEX('Product Backlog'!$G$5:$G$504,$J18)),"",INDEX('Product Backlog'!$G$5:$G$504,$J18))) | H18: =IF($J18="","",IF(ISBLANK(INDEX('Product Backlog'!$H$5:$H$504,$J18)),"",INDEX('Product Backlog'!$H$5:$H$504,$J18))) | I18: =IF($J18="","",IF(ISBLANK(INDEX('Product Backlog'!$I$5:$I$504,$J18)),"",INDEX('Product Backlog'!$I$5:$I$504,$J18))) | J18: =IFERROR(MATCH($B$4&"-"&ROWS($A$10:A18),'Product Backlog'!$J$5:$J$504,0),"")
A19: =IF($J19="","",IF(ISBLANK(INDEX('Product Backlog'!$A$5:$A$504,$J19)),"",INDEX('Product Backlog'!$A$5:$A$504,$J19))) | B19: =IF($J19="","",IF(ISBLANK(INDEX('Product Backlog'!$B$5:$B$504,$J19)),"",INDEX('Product Backlog'!$B$5:$B$504,$J19))) | C19: =IF($J19="","",IF(ISBLANK(INDEX('Product Backlog'!$C$5:$C$504,$J19)),"",INDEX('Product Backlog'!$C$5:$C$504,$J19))) | D19: =IF($J19="","",IF(ISBLANK(INDEX('Product Backlog'!$D$5:$D$504,$J19)),"",INDEX('Product Backlog'!$D$5:$D$504,$J19))) | E19: =IF($J19="","",IF(ISBLANK(INDEX('Product Backlog'!$E$5:$E$504,$J19)),"",INDEX('Product Backlog'!$E$5:$E$504,$J19))) | F19: =IF($J19="","",IF(ISBLANK(INDEX('Product Backlog'!$F$5:$F$504,$J19)),"",INDEX('Product Backlog'!$F$5:$F$504,$J19))) | G19: =IF($J19="","",IF(ISBLANK(INDEX('Product Backlog'!$G$5:$G$504,$J19)),"",INDEX('Product Backlog'!$G$5:$G$504,$J19))) | H19: =IF($J19="","",IF(ISBLANK(INDEX('Product Backlog'!$H$5:$H$504,$J19)),"",INDEX('Product Backlog'!$H$5:$H$504,$J19))) | I19: =IF($J19="","",IF(ISBLANK(INDEX('Product Backlog'!$I$5:$I$504,$J19)),"",INDEX('Product Backlog'!$I$5:$I$504,$J19))) | J19: =IFERROR(MATCH($B$4&"-"&ROWS($A$10:A19),'Product Backlog'!$J$5:$J$504,0),"")
A20: =IF($J20="","",IF(ISBLANK(INDEX('Product Backlog'!$A$5:$A$504,$J20)),"",INDEX('Product Backlog'!$A$5:$A$504,$J20))) | B20: =IF($J20="","",IF(ISBLANK(INDEX('Product Backlog'!$B$5:$B$504,$J20)),"",INDEX('Product Backlog'!$B$5:$B$504,$J20))) | C20: =IF($J20="","",IF(ISBLANK(INDEX('Product Backlog'!$C$5:$C$504,$J20)),"",INDEX('Product Backlog'!$C$5:$C$504,$J20))) | D20: =IF($J20="","",IF(ISBLANK(INDEX('Product Backlog'!$D$5:$D$504,$J20)),"",INDEX('Product Backlog'!$D$5:$D$504,$J20))) | E20: =IF($J20="","",IF(ISBLANK(INDEX('Product Backlog'!$E$5:$E$504,$J20)),"",INDEX('Product Backlog'!$E$5:$E$504,$J20))) | F20: =IF($J20="","",IF(ISBLANK(INDEX('Product Backlog'!$F$5:$F$504,$J20)),"",INDEX('Product Backlog'!$F$5:$F$504,$J20))) | G20: =IF($J20="","",IF(ISBLANK(INDEX('Product Backlog'!$G$5:$G$504,$J20)),"",INDEX('Product Backlog'!$G$5:$G$504,$J20))) | H20: =IF($J20="","",IF(ISBLANK(INDEX('Product Backlog'!$H$5:$H$504,$J20)),"",INDEX('Product Backlog'!$H$5:$H$504,$J20))) | I20: =IF($J20="","",IF(ISBLANK(INDEX('Product Backlog'!$I$5:$I$504,$J20)),"",INDEX('Product Backlog'!$I$5:$I$504,$J20))) | J20: =IFERROR(MATCH($B$4&"-"&ROWS($A$10:A20),'Product Backlog'!$J$5:$J$504,0),"")
A21: =IF($J21="","",IF(ISBLANK(INDEX('Product Backlog'!$A$5:$A$504,$J21)),"",INDEX('Product Backlog'!$A$5:$A$504,$J21))) | B21: =IF($J21="","",IF(ISBLANK(INDEX('Product Backlog'!$B$5:$B$504,$J21)),"",INDEX('Product Backlog'!$B$5:$B$504,$J21))) | C21: =IF($J21="","",IF(ISBLANK(INDEX('Product Backlog'!$C$5:$C$504,$J21)),"",INDEX('Product Backlog'!$C$5:$C$504,$J21))) | D21: =IF($J21="","",IF(ISBLANK(INDEX('Product Backlog'!$D$5:$D$504,$J21)),"",INDEX('Product Backlog'!$D$5:$D$504,$J21))) | E21: =IF($J21="","",IF(ISBLANK(INDEX('Product Backlog'!$E$5:$E$504,$J21)),"",INDEX('Product Backlog'!$E$5:$E$504,$J21))) | F21: =IF($J21="","",IF(ISBLANK(INDEX('Product Backlog'!$F$5:$F$504,$J21)),"",INDEX('Product Backlog'!$F$5:$F$504,$J21))) | G21: =IF($J21="","",IF(ISBLANK(INDEX('Product Backlog'!$G$5:$G$504,$J21)),"",INDEX('Product Backlog'!$G$5:$G$504,$J21))) | H21: =IF($J21="","",IF(ISBLANK(INDEX('Product Backlog'!$H$5:$H$504,$J21)),"",INDEX('Product Backlog'!$H$5:$H$504,$J21))) | I21: =IF($J21="","",IF(ISBLANK(INDEX('Product Backlog'!$I$5:$I$504,$J21)),"",INDEX('Product Backlog'!$I$5:$I$504,$J21))) | J21: =IFERROR(MATCH($B$4&"-"&ROWS($A$10:A21),'Product Backlog'!$J$5:$J$504,0),"")
... A109: =IF($J109="","",IF(ISBLANK(INDEX('Product Backlog'!$A$5:$A$504,$J109)),"",INDEX('Product Backlog'!$A$5:$A$504,$J109))) | B109: =IF($J109="","",IF(ISBLANK(INDEX('Product Backlog'!$B$5:$B$504,$J109)),"",INDEX('Product Backlog'!$B$5:$B$504,$J109))) | C109: =IF($J109="","",IF(ISBLANK(INDEX('Product Backlog'!$C$5:$C$504,$J109)),"",INDEX('Product Backlog'!$C$5:$C$504,$J109))) | D109: =IF($J109="","",IF(ISBLANK(INDEX('Product Backlog'!$D$5:$D$504,$J109)),"",INDEX('Product Backlog'!$D$5:$D$504,$J109))) | E109: =IF($J109="","",IF(ISBLANK(INDEX('Product Backlog'!$E$5:$E$504,$J109)),"",INDEX('Product Backlog'!$E$5:$E$504,$J109))) | F109: =IF($J109="","",IF(ISBLANK(INDEX('Product Backlog'!$F$5:$F$504,$J109)),"",INDEX('Product Backlog'!$F$5:$F$504,$J109))) | G109: =IF($J109="","",IF(ISBLANK(INDEX('Product Backlog'!$G$5:$G$504,$J109)),"",INDEX('Product Backlog'!$G$5:$G$504,$J109))) | H109: =IF($J109="","",IF(ISBLANK(INDEX('Product Backlog'!$H$5:$H$504,$J109)),"",INDEX('Product Backlog'!$H$5:$H$504,$J109))) | I109: =IF($J109="","",IF(ISBLANK(INDEX('Product Backlog'!$I$5:$I$504,$J109)),"",INDEX('Product Backlog'!$I$5:$I$504,$J109))) | J109: =IFERROR(MATCH($B$4&"-"&ROWS($A$10:A109),'Product Backlog'!$J$5:$J$504,0),"")

Sheet Sprint 5
A1: Sprint 5
A2: Sprint 5 records and backlog view. Edit task details on the Product Backlog sheet; this view updates from the Sprint #.
A4: Sprint # | B4: 5 | D4: Start date | E4: 46330 | G4: End date | H4: 46339
A5: Sprint goal | B5: Goal to be defined.
A7: Tasks | B7: =COUNTIFS('Product Backlog'!$B$5:$B$504,5,'Product Backlog'!$C$5:$C$504,"<>") -> 0 | C7: Completed | D7: =COUNTIFS('Product Backlog'!$B$5:$B$504,5,'Product Backlog'!$D$5:$D$504,"Done")+COUNTIFS('Product Backlog'!$B$5:$B$504,5,'Product Backlog'!$D$5:$D$504,"Completed") -> 0 | E7: Hours logged | F7: =SUMIFS('Product Backlog'!$H$5:$H$504,'Product Backlog'!$B$5:$B$504,5) -> 0 | G7: Work points | H7: =SUMIFS('Product Backlog'!$I$5:$I$504,'Product Backlog'!$B$5:$B$504,5) -> 0
A8: Auto-generated view. Do not enter tasks here; add or change them on Product Backlog.
A9: Task # | B9: Sprint # | C9: Task description | D9: Status | E9: Maintainer | F9: Date added | G9: Date completed | H9: Hours to complete | I9: Work points assigned
A10: =IF($J10="","",IF(ISBLANK(INDEX('Product Backlog'!$A$5:$A$504,$J10)),"",INDEX('Product Backlog'!$A$5:$A$504,$J10))) | B10: =IF($J10="","",IF(ISBLANK(INDEX('Product Backlog'!$B$5:$B$504,$J10)),"",INDEX('Product Backlog'!$B$5:$B$504,$J10))) | C10: =IF($J10="","",IF(ISBLANK(INDEX('Product Backlog'!$C$5:$C$504,$J10)),"",INDEX('Product Backlog'!$C$5:$C$504,$J10))) | D10: =IF($J10="","",IF(ISBLANK(INDEX('Product Backlog'!$D$5:$D$504,$J10)),"",INDEX('Product Backlog'!$D$5:$D$504,$J10))) | E10: =IF($J10="","",IF(ISBLANK(INDEX('Product Backlog'!$E$5:$E$504,$J10)),"",INDEX('Product Backlog'!$E$5:$E$504,$J10))) | F10: =IF($J10="","",IF(ISBLANK(INDEX('Product Backlog'!$F$5:$F$504,$J10)),"",INDEX('Product Backlog'!$F$5:$F$504,$J10))) | G10: =IF($J10="","",IF(ISBLANK(INDEX('Product Backlog'!$G$5:$G$504,$J10)),"",INDEX('Product Backlog'!$G$5:$G$504,$J10))) | H10: =IF($J10="","",IF(ISBLANK(INDEX('Product Backlog'!$H$5:$H$504,$J10)),"",INDEX('Product Backlog'!$H$5:$H$504,$J10))) | I10: =IF($J10="","",IF(ISBLANK(INDEX('Product Backlog'!$I$5:$I$504,$J10)),"",INDEX('Product Backlog'!$I$5:$I$504,$J10))) | J10: =IFERROR(MATCH($B$4&"-"&ROWS($A$10:A10),'Product Backlog'!$J$5:$J$504,0),"")
A11: =IF($J11="","",IF(ISBLANK(INDEX('Product Backlog'!$A$5:$A$504,$J11)),"",INDEX('Product Backlog'!$A$5:$A$504,$J11))) | B11: =IF($J11="","",IF(ISBLANK(INDEX('Product Backlog'!$B$5:$B$504,$J11)),"",INDEX('Product Backlog'!$B$5:$B$504,$J11))) | C11: =IF($J11="","",IF(ISBLANK(INDEX('Product Backlog'!$C$5:$C$504,$J11)),"",INDEX('Product Backlog'!$C$5:$C$504,$J11))) | D11: =IF($J11="","",IF(ISBLANK(INDEX('Product Backlog'!$D$5:$D$504,$J11)),"",INDEX('Product Backlog'!$D$5:$D$504,$J11))) | E11: =IF($J11="","",IF(ISBLANK(INDEX('Product Backlog'!$E$5:$E$504,$J11)),"",INDEX('Product Backlog'!$E$5:$E$504,$J11))) | F11: =IF($J11="","",IF(ISBLANK(INDEX('Product Backlog'!$F$5:$F$504,$J11)),"",INDEX('Product Backlog'!$F$5:$F$504,$J11))) | G11: =IF($J11="","",IF(ISBLANK(INDEX('Product Backlog'!$G$5:$G$504,$J11)),"",INDEX('Product Backlog'!$G$5:$G$504,$J11))) | H11: =IF($J11="","",IF(ISBLANK(INDEX('Product Backlog'!$H$5:$H$504,$J11)),"",INDEX('Product Backlog'!$H$5:$H$504,$J11))) | I11: =IF($J11="","",IF(ISBLANK(INDEX('Product Backlog'!$I$5:$I$504,$J11)),"",INDEX('Product Backlog'!$I$5:$I$504,$J11))) | J11: =IFERROR(MATCH($B$4&"-"&ROWS($A$10:A11),'Product Backlog'!$J$5:$J$504,0),"")
A12: =IF($J12="","",IF(ISBLANK(INDEX('Product Backlog'!$A$5:$A$504,$J12)),"",INDEX('Product Backlog'!$A$5:$A$504,$J12))) | B12: =IF($J12="","",IF(ISBLANK(INDEX('Product Backlog'!$B$5:$B$504,$J12)),"",INDEX('Product Backlog'!$B$5:$B$504,$J12))) | C12: =IF($J12="","",IF(ISBLANK(INDEX('Product Backlog'!$C$5:$C$504,$J12)),"",INDEX('Product Backlog'!$C$5:$C$504,$J12))) | D12: =IF($J12="","",IF(ISBLANK(INDEX('Product Backlog'!$D$5:$D$504,$J12)),"",INDEX('Product Backlog'!$D$5:$D$504,$J12))) | E12: =IF($J12="","",IF(ISBLANK(INDEX('Product Backlog'!$E$5:$E$504,$J12)),"",INDEX('Product Backlog'!$E$5:$E$504,$J12))) | F12: =IF($J12="","",IF(ISBLANK(INDEX('Product Backlog'!$F$5:$F$504,$J12)),"",INDEX('Product Backlog'!$F$5:$F$504,$J12))) | G12: =IF($J12="","",IF(ISBLANK(INDEX('Product Backlog'!$G$5:$G$504,$J12)),"",INDEX('Product Backlog'!$G$5:$G$504,$J12))) | H12: =IF($J12="","",IF(ISBLANK(INDEX('Product Backlog'!$H$5:$H$504,$J12)),"",INDEX('Product Backlog'!$H$5:$H$504,$J12))) | I12: =IF($J12="","",IF(ISBLANK(INDEX('Product Backlog'!$I$5:$I$504,$J12)),"",INDEX('Product Backlog'!$I$5:$I$504,$J12))) | J12: =IFERROR(MATCH($B$4&"-"&ROWS($A$10:A12),'Product Backlog'!$J$5:$J$504,0),"")
A13: =IF($J13="","",IF(ISBLANK(INDEX('Product Backlog'!$A$5:$A$504,$J13)),"",INDEX('Product Backlog'!$A$5:$A$504,$J13))) | B13: =IF($J13="","",IF(ISBLANK(INDEX('Product Backlog'!$B$5:$B$504,$J13)),"",INDEX('Product Backlog'!$B$5:$B$504,$J13))) | C13: =IF($J13="","",IF(ISBLANK(INDEX('Product Backlog'!$C$5:$C$504,$J13)),"",INDEX('Product Backlog'!$C$5:$C$504,$J13))) | D13: =IF($J13="","",IF(ISBLANK(INDEX('Product Backlog'!$D$5:$D$504,$J13)),"",INDEX('Product Backlog'!$D$5:$D$504,$J13))) | E13: =IF($J13="","",IF(ISBLANK(INDEX('Product Backlog'!$E$5:$E$504,$J13)),"",INDEX('Product Backlog'!$E$5:$E$504,$J13))) | F13: =IF($J13="","",IF(ISBLANK(INDEX('Product Backlog'!$F$5:$F$504,$J13)),"",INDEX('Product Backlog'!$F$5:$F$504,$J13))) | G13: =IF($J13="","",IF(ISBLANK(INDEX('Product Backlog'!$G$5:$G$504,$J13)),"",INDEX('Product Backlog'!$G$5:$G$504,$J13))) | H13: =IF($J13="","",IF(ISBLANK(INDEX('Product Backlog'!$H$5:$H$504,$J13)),"",INDEX('Product Backlog'!$H$5:$H$504,$J13))) | I13: =IF($J13="","",IF(ISBLANK(INDEX('Product Backlog'!$I$5:$I$504,$J13)),"",INDEX('Product Backlog'!$I$5:$I$504,$J13))) | J13: =IFERROR(MATCH($B$4&"-"&ROWS($A$10:A13),'Product Backlog'!$J$5:$J$504,0),"")
A14: =IF($J14="","",IF(ISBLANK(INDEX('Product Backlog'!$A$5:$A$504,$J14)),"",INDEX('Product Backlog'!$A$5:$A$504,$J14))) | B14: =IF($J14="","",IF(ISBLANK(INDEX('Product Backlog'!$B$5:$B$504,$J14)),"",INDEX('Product Backlog'!$B$5:$B$504,$J14))) | C14: =IF($J14="","",IF(ISBLANK(INDEX('Product Backlog'!$C$5:$C$504,$J14)),"",INDEX('Product Backlog'!$C$5:$C$504,$J14))) | D14: =IF($J14="","",IF(ISBLANK(INDEX('Product Backlog'!$D$5:$D$504,$J14)),"",INDEX('Product Backlog'!$D$5:$D$504,$J14))) | E14: =IF($J14="","",IF(ISBLANK(INDEX('Product Backlog'!$E$5:$E$504,$J14)),"",INDEX('Product Backlog'!$E$5:$E$504,$J14))) | F14: =IF($J14="","",IF(ISBLANK(INDEX('Product Backlog'!$F$5:$F$504,$J14)),"",INDEX('Product Backlog'!$F$5:$F$504,$J14))) | G14: =IF($J14="","",IF(ISBLANK(INDEX('Product Backlog'!$G$5:$G$504,$J14)),"",INDEX('Product Backlog'!$G$5:$G$504,$J14))) | H14: =IF($J14="","",IF(ISBLANK(INDEX('Product Backlog'!$H$5:$H$504,$J14)),"",INDEX('Product Backlog'!$H$5:$H$504,$J14))) | I14: =IF($J14="","",IF(ISBLANK(INDEX('Product Backlog'!$I$5:$I$504,$J14)),"",INDEX('Product Backlog'!$I$5:$I$504,$J14))) | J14: =IFERROR(MATCH($B$4&"-"&ROWS($A$10:A14),'Product Backlog'!$J$5:$J$504,0),"")
A15: =IF($J15="","",IF(ISBLANK(INDEX('Product Backlog'!$A$5:$A$504,$J15)),"",INDEX('Product Backlog'!$A$5:$A$504,$J15))) | B15: =IF($J15="","",IF(ISBLANK(INDEX('Product Backlog'!$B$5:$B$504,$J15)),"",INDEX('Product Backlog'!$B$5:$B$504,$J15))) | C15: =IF($J15="","",IF(ISBLANK(INDEX('Product Backlog'!$C$5:$C$504,$J15)),"",INDEX('Product Backlog'!$C$5:$C$504,$J15))) | D15: =IF($J15="","",IF(ISBLANK(INDEX('Product Backlog'!$D$5:$D$504,$J15)),"",INDEX('Product Backlog'!$D$5:$D$504,$J15))) | E15: =IF($J15="","",IF(ISBLANK(INDEX('Product Backlog'!$E$5:$E$504,$J15)),"",INDEX('Product Backlog'!$E$5:$E$504,$J15))) | F15: =IF($J15="","",IF(ISBLANK(INDEX('Product Backlog'!$F$5:$F$504,$J15)),"",INDEX('Product Backlog'!$F$5:$F$504,$J15))) | G15: =IF($J15="","",IF(ISBLANK(INDEX('Product Backlog'!$G$5:$G$504,$J15)),"",INDEX('Product Backlog'!$G$5:$G$504,$J15))) | H15: =IF($J15="","",IF(ISBLANK(INDEX('Product Backlog'!$H$5:$H$504,$J15)),"",INDEX('Product Backlog'!$H$5:$H$504,$J15))) | I15: =IF($J15="","",IF(ISBLANK(INDEX('Product Backlog'!$I$5:$I$504,$J15)),"",INDEX('Product Backlog'!$I$5:$I$504,$J15))) | J15: =IFERROR(MATCH($B$4&"-"&ROWS($A$10:A15),'Product Backlog'!$J$5:$J$504,0),"")
A16: =IF($J16="","",IF(ISBLANK(INDEX('Product Backlog'!$A$5:$A$504,$J16)),"",INDEX('Product Backlog'!$A$5:$A$504,$J16))) | B16: =IF($J16="","",IF(ISBLANK(INDEX('Product Backlog'!$B$5:$B$504,$J16)),"",INDEX('Product Backlog'!$B$5:$B$504,$J16))) | C16: =IF($J16="","",IF(ISBLANK(INDEX('Product Backlog'!$C$5:$C$504,$J16)),"",INDEX('Product Backlog'!$C$5:$C$504,$J16))) | D16: =IF($J16="","",IF(ISBLANK(INDEX('Product Backlog'!$D$5:$D$504,$J16)),"",INDEX('Product Backlog'!$D$5:$D$504,$J16))) | E16: =IF($J16="","",IF(ISBLANK(INDEX('Product Backlog'!$E$5:$E$504,$J16)),"",INDEX('Product Backlog'!$E$5:$E$504,$J16))) | F16: =IF($J16="","",IF(ISBLANK(INDEX('Product Backlog'!$F$5:$F$504,$J16)),"",INDEX('Product Backlog'!$F$5:$F$504,$J16))) | G16: =IF($J16="","",IF(ISBLANK(INDEX('Product Backlog'!$G$5:$G$504,$J16)),"",INDEX('Product Backlog'!$G$5:$G$504,$J16))) | H16: =IF($J16="","",IF(ISBLANK(INDEX('Product Backlog'!$H$5:$H$504,$J16)),"",INDEX('Product Backlog'!$H$5:$H$504,$J16))) | I16: =IF($J16="","",IF(ISBLANK(INDEX('Product Backlog'!$I$5:$I$504,$J16)),"",INDEX('Product Backlog'!$I$5:$I$504,$J16))) | J16: =IFERROR(MATCH($B$4&"-"&ROWS($A$10:A16),'Product Backlog'!$J$5:$J$504,0),"")
A17: =IF($J17="","",IF(ISBLANK(INDEX('Product Backlog'!$A$5:$A$504,$J17)),"",INDEX('Product Backlog'!$A$5:$A$504,$J17))) | B17: =IF($J17="","",IF(ISBLANK(INDEX('Product Backlog'!$B$5:$B$504,$J17)),"",INDEX('Product Backlog'!$B$5:$B$504,$J17))) | C17: =IF($J17="","",IF(ISBLANK(INDEX('Product Backlog'!$C$5:$C$504,$J17)),"",INDEX('Product Backlog'!$C$5:$C$504,$J17))) | D17: =IF($J17="","",IF(ISBLANK(INDEX('Product Backlog'!$D$5:$D$504,$J17)),"",INDEX('Product Backlog'!$D$5:$D$504,$J17))) | E17: =IF($J17="","",IF(ISBLANK(INDEX('Product Backlog'!$E$5:$E$504,$J17)),"",INDEX('Product Backlog'!$E$5:$E$504,$J17))) | F17: =IF($J17="","",IF(ISBLANK(INDEX('Product Backlog'!$F$5:$F$504,$J17)),"",INDEX('Product Backlog'!$F$5:$F$504,$J17))) | G17: =IF($J17="","",IF(ISBLANK(INDEX('Product Backlog'!$G$5:$G$504,$J17)),"",INDEX('Product Backlog'!$G$5:$G$504,$J17))) | H17: =IF($J17="","",IF(ISBLANK(INDEX('Product Backlog'!$H$5:$H$504,$J17)),"",INDEX('Product Backlog'!$H$5:$H$504,$J17))) | I17: =IF($J17="","",IF(ISBLANK(INDEX('Product Backlog'!$I$5:$I$504,$J17)),"",INDEX('Product Backlog'!$I$5:$I$504,$J17))) | J17: =IFERROR(MATCH($B$4&"-"&ROWS($A$10:A17),'Product Backlog'!$J$5:$J$504,0),"")
A18: =IF($J18="","",IF(ISBLANK(INDEX('Product Backlog'!$A$5:$A$504,$J18)),"",INDEX('Product Backlog'!$A$5:$A$504,$J18))) | B18: =IF($J18="","",IF(ISBLANK(INDEX('Product Backlog'!$B$5:$B$504,$J18)),"",INDEX('Product Backlog'!$B$5:$B$504,$J18))) | C18: =IF($J18="","",IF(ISBLANK(INDEX('Product Backlog'!$C$5:$C$504,$J18)),"",INDEX('Product Backlog'!$C$5:$C$504,$J18))) | D18: =IF($J18="","",IF(ISBLANK(INDEX('Product Backlog'!$D$5:$D$504,$J18)),"",INDEX('Product Backlog'!$D$5:$D$504,$J18))) | E18: =IF($J18="","",IF(ISBLANK(INDEX('Product Backlog'!$E$5:$E$504,$J18)),"",INDEX('Product Backlog'!$E$5:$E$504,$J18))) | F18: =IF($J18="","",IF(ISBLANK(INDEX('Product Backlog'!$F$5:$F$504,$J18)),"",INDEX('Product Backlog'!$F$5:$F$504,$J18))) | G18: =IF($J18="","",IF(ISBLANK(INDEX('Product Backlog'!$G$5:$G$504,$J18)),"",INDEX('Product Backlog'!$G$5:$G$504,$J18))) | H18: =IF($J18="","",IF(ISBLANK(INDEX('Product Backlog'!$H$5:$H$504,$J18)),"",INDEX('Product Backlog'!$H$5:$H$504,$J18))) | I18: =IF($J18="","",IF(ISBLANK(INDEX('Product Backlog'!$I$5:$I$504,$J18)),"",INDEX('Product Backlog'!$I$5:$I$504,$J18))) | J18: =IFERROR(MATCH($B$4&"-"&ROWS($A$10:A18),'Product Backlog'!$J$5:$J$504,0),"")
A19: =IF($J19="","",IF(ISBLANK(INDEX('Product Backlog'!$A$5:$A$504,$J19)),"",INDEX('Product Backlog'!$A$5:$A$504,$J19))) | B19: =IF($J19="","",IF(ISBLANK(INDEX('Product Backlog'!$B$5:$B$504,$J19)),"",INDEX('Product Backlog'!$B$5:$B$504,$J19))) | C19: =IF($J19="","",IF(ISBLANK(INDEX('Product Backlog'!$C$5:$C$504,$J19)),"",INDEX('Product Backlog'!$C$5:$C$504,$J19))) | D19: =IF($J19="","",IF(ISBLANK(INDEX('Product Backlog'!$D$5:$D$504,$J19)),"",INDEX('Product Backlog'!$D$5:$D$504,$J19))) | E19: =IF($J19="","",IF(ISBLANK(INDEX('Product Backlog'!$E$5:$E$504,$J19)),"",INDEX('Product Backlog'!$E$5:$E$504,$J19))) | F19: =IF($J19="","",IF(ISBLANK(INDEX('Product Backlog'!$F$5:$F$504,$J19)),"",INDEX('Product Backlog'!$F$5:$F$504,$J19))) | G19: =IF($J19="","",IF(ISBLANK(INDEX('Product Backlog'!$G$5:$G$504,$J19)),"",INDEX('Product Backlog'!$G$5:$G$504,$J19))) | H19: =IF($J19="","",IF(ISBLANK(INDEX('Product Backlog'!$H$5:$H$504,$J19)),"",INDEX('Product Backlog'!$H$5:$H$504,$J19))) | I19: =IF($J19="","",IF(ISBLANK(INDEX('Product Backlog'!$I$5:$I$504,$J19)),"",INDEX('Product Backlog'!$I$5:$I$504,$J19))) | J19: =IFERROR(MATCH($B$4&"-"&ROWS($A$10:A19),'Product Backlog'!$J$5:$J$504,0),"")
A20: =IF($J20="","",IF(ISBLANK(INDEX('Product Backlog'!$A$5:$A$504,$J20)),"",INDEX('Product Backlog'!$A$5:$A$504,$J20))) | B20: =IF($J20="","",IF(ISBLANK(INDEX('Product Backlog'!$B$5:$B$504,$J20)),"",INDEX('Product Backlog'!$B$5:$B$504,$J20))) | C20: =IF($J20="","",IF(ISBLANK(INDEX('Product Backlog'!$C$5:$C$504,$J20)),"",INDEX('Product Backlog'!$C$5:$C$504,$J20))) | D20: =IF($J20="","",IF(ISBLANK(INDEX('Product Backlog'!$D$5:$D$504,$J20)),"",INDEX('Product Backlog'!$D$5:$D$504,$J20))) | E20: =IF($J20="","",IF(ISBLANK(INDEX('Product Backlog'!$E$5:$E$504,$J20)),"",INDEX('Product Backlog'!$E$5:$E$504,$J20))) | F20: =IF($J20="","",IF(ISBLANK(INDEX('Product Backlog'!$F$5:$F$504,$J20)),"",INDEX('Product Backlog'!$F$5:$F$504,$J20))) | G20: =IF($J20="","",IF(ISBLANK(INDEX('Product Backlog'!$G$5:$G$504,$J20)),"",INDEX('Product Backlog'!$G$5:$G$504,$J20))) | H20: =IF($J20="","",IF(ISBLANK(INDEX('Product Backlog'!$H$5:$H$504,$J20)),"",INDEX('Product Backlog'!$H$5:$H$504,$J20))) | I20: =IF($J20="","",IF(ISBLANK(INDEX('Product Backlog'!$I$5:$I$504,$J20)),"",INDEX('Product Backlog'!$I$5:$I$504,$J20))) | J20: =IFERROR(MATCH($B$4&"-"&ROWS($A$10:A20),'Product Backlog'!$J$5:$J$504,0),"")
A21: =IF($J21="","",IF(ISBLANK(INDEX('Product Backlog'!$A$5:$A$504,$J21)),"",INDEX('Product Backlog'!$A$5:$A$504,$J21))) | B21: =IF($J21="","",IF(ISBLANK(INDEX('Product Backlog'!$B$5:$B$504,$J21)),"",INDEX('Product Backlog'!$B$5:$B$504,$J21))) | C21: =IF($J21="","",IF(ISBLANK(INDEX('Product Backlog'!$C$5:$C$504,$J21)),"",INDEX('Product Backlog'!$C$5:$C$504,$J21))) | D21: =IF($J21="","",IF(ISBLANK(INDEX('Product Backlog'!$D$5:$D$504,$J21)),"",INDEX('Product Backlog'!$D$5:$D$504,$J21))) | E21: =IF($J21="","",IF(ISBLANK(INDEX('Product Backlog'!$E$5:$E$504,$J21)),"",INDEX('Product Backlog'!$E$5:$E$504,$J21))) | F21: =IF($J21="","",IF(ISBLANK(INDEX('Product Backlog'!$F$5:$F$504,$J21)),"",INDEX('Product Backlog'!$F$5:$F$504,$J21))) | G21: =IF($J21="","",IF(ISBLANK(INDEX('Product Backlog'!$G$5:$G$504,$J21)),"",INDEX('Product Backlog'!$G$5:$G$504,$J21))) | H21: =IF($J21="","",IF(ISBLANK(INDEX('Product Backlog'!$H$5:$H$504,$J21)),"",INDEX('Product Backlog'!$H$5:$H$504,$J21))) | I21: =IF($J21="","",IF(ISBLANK(INDEX('Product Backlog'!$I$5:$I$504,$J21)),"",INDEX('Product Backlog'!$I$5:$I$504,$J21))) | J21: =IFERROR(MATCH($B$4&"-"&ROWS($A$10:A21),'Product Backlog'!$J$5:$J$504,0),"")
... A109: =IF($J109="","",IF(ISBLANK(INDEX('Product Backlog'!$A$5:$A$504,$J109)),"",INDEX('Product Backlog'!$A$5:$A$504,$J109))) | B109: =IF($J109="","",IF(ISBLANK(INDEX('Product Backlog'!$B$5:$B$504,$J109)),"",INDEX('Product Backlog'!$B$5:$B$504,$J109))) | C109: =IF($J109="","",IF(ISBLANK(INDEX('Product Backlog'!$C$5:$C$504,$J109)),"",INDEX('Product Backlog'!$C$5:$C$504,$J109))) | D109: =IF($J109="","",IF(ISBLANK(INDEX('Product Backlog'!$D$5:$D$504,$J109)),"",INDEX('Product Backlog'!$D$5:$D$504,$J109))) | E109: =IF($J109="","",IF(ISBLANK(INDEX('Product Backlog'!$E$5:$E$504,$J109)),"",INDEX('Product Backlog'!$E$5:$E$504,$J109))) | F109: =IF($J109="","",IF(ISBLANK(INDEX('Product Backlog'!$F$5:$F$504,$J109)),"",INDEX('Product Backlog'!$F$5:$F$504,$J109))) | G109: =IF($J109="","",IF(ISBLANK(INDEX('Product Backlog'!$G$5:$G$504,$J109)),"",INDEX('Product Backlog'!$G$5:$G$504,$J109))) | H109: =IF($J109="","",IF(ISBLANK(INDEX('Product Backlog'!$H$5:$H$504,$J109)),"",INDEX('Product Backlog'!$H$5:$H$504,$J109))) | I109: =IF($J109="","",IF(ISBLANK(INDEX('Product Backlog'!$I$5:$I$504,$J109)),"",INDEX('Product Backlog'!$I$5:$I$504,$J109))) | J109: =IFERROR(MATCH($B$4&"-"&ROWS($A$10:A109),'Product Backlog'!$J$5:$J$504,0),"")

Sheet Sprint 6
A1: Sprint 6
A2: Sprint 6 records and backlog view. Edit task details on the Product Backlog sheet; this view updates from the Sprint #.
A4: Sprint # | B4: 6 | D4: Start date | E4: 46344 | G4: End date | H4: 46358
A5: Sprint goal | B5: Goal to be defined.
A7: Tasks | B7: =COUNTIFS('Product Backlog'!$B$5:$B$504,6,'Product Backlog'!$C$5:$C$504,"<>") -> 0 | C7: Completed | D7: =COUNTIFS('Product Backlog'!$B$5:$B$504,6,'Product Backlog'!$D$5:$D$504,"Done")+COUNTIFS('Product Backlog'!$B$5:$B$504,6,'Product Backlog'!$D$5:$D$504,"Completed") -> 0 | E7: Hours logged | F7: =SUMIFS('Product Backlog'!$H$5:$H$504,'Product Backlog'!$B$5:$B$504,6) -> 0 | G7: Work points | H7: =SUMIFS('Product Backlog'!$I$5:$I$504,'Product Backlog'!$B$5:$B$504,6) -> 0
A8: Auto-generated view. Do not enter tasks here; add or change them on Product Backlog.
A9: Task # | B9: Sprint # | C9: Task description | D9: Status | E9: Maintainer | F9: Date added | G9: Date completed | H9: Hours to complete | I9: Work points assigned
A10: =IF($J10="","",IF(ISBLANK(INDEX('Product Backlog'!$A$5:$A$504,$J10)),"",INDEX('Product Backlog'!$A$5:$A$504,$J10))) | B10: =IF($J10="","",IF(ISBLANK(INDEX('Product Backlog'!$B$5:$B$504,$J10)),"",INDEX('Product Backlog'!$B$5:$B$504,$J10))) | C10: =IF($J10="","",IF(ISBLANK(INDEX('Product Backlog'!$C$5:$C$504,$J10)),"",INDEX('Product Backlog'!$C$5:$C$504,$J10))) | D10: =IF($J10="","",IF(ISBLANK(INDEX('Product Backlog'!$D$5:$D$504,$J10)),"",INDEX('Product Backlog'!$D$5:$D$504,$J10))) | E10: =IF($J10="","",IF(ISBLANK(INDEX('Product Backlog'!$E$5:$E$504,$J10)),"",INDEX('Product Backlog'!$E$5:$E$504,$J10))) | F10: =IF($J10="","",IF(ISBLANK(INDEX('Product Backlog'!$F$5:$F$504,$J10)),"",INDEX('Product Backlog'!$F$5:$F$504,$J10))) | G10: =IF($J10="","",IF(ISBLANK(INDEX('Product Backlog'!$G$5:$G$504,$J10)),"",INDEX('Product Backlog'!$G$5:$G$504,$J10))) | H10: =IF($J10="","",IF(ISBLANK(INDEX('Product Backlog'!$H$5:$H$504,$J10)),"",INDEX('Product Backlog'!$H$5:$H$504,$J10))) | I10: =IF($J10="","",IF(ISBLANK(INDEX('Product Backlog'!$I$5:$I$504,$J10)),"",INDEX('Product Backlog'!$I$5:$I$504,$J10))) | J10: =IFERROR(MATCH($B$4&"-"&ROWS($A$10:A10),'Product Backlog'!$J$5:$J$504,0),"")
A11: =IF($J11="","",IF(ISBLANK(INDEX('Product Backlog'!$A$5:$A$504,$J11)),"",INDEX('Product Backlog'!$A$5:$A$504,$J11))) | B11: =IF($J11="","",IF(ISBLANK(INDEX('Product Backlog'!$B$5:$B$504,$J11)),"",INDEX('Product Backlog'!$B$5:$B$504,$J11))) | C11: =IF($J11="","",IF(ISBLANK(INDEX('Product Backlog'!$C$5:$C$504,$J11)),"",INDEX('Product Backlog'!$C$5:$C$504,$J11))) | D11: =IF($J11="","",IF(ISBLANK(INDEX('Product Backlog'!$D$5:$D$504,$J11)),"",INDEX('Product Backlog'!$D$5:$D$504,$J11))) | E11: =IF($J11="","",IF(ISBLANK(INDEX('Product Backlog'!$E$5:$E$504,$J11)),"",INDEX('Product Backlog'!$E$5:$E$504,$J11))) | F11: =IF($J11="","",IF(ISBLANK(INDEX('Product Backlog'!$F$5:$F$504,$J11)),"",INDEX('Product Backlog'!$F$5:$F$504,$J11))) | G11: =IF($J11="","",IF(ISBLANK(INDEX('Product Backlog'!$G$5:$G$504,$J11)),"",INDEX('Product Backlog'!$G$5:$G$504,$J11))) | H11: =IF($J11="","",IF(ISBLANK(INDEX('Product Backlog'!$H$5:$H$504,$J11)),"",INDEX('Product Backlog'!$H$5:$H$504,$J11))) | I11: =IF($J11="","",IF(ISBLANK(INDEX('Product Backlog'!$I$5:$I$504,$J11)),"",INDEX('Product Backlog'!$I$5:$I$504,$J11))) | J11: =IFERROR(MATCH($B$4&"-"&ROWS($A$10:A11),'Product Backlog'!$J$5:$J$504,0),"")
A12: =IF($J12="","",IF(ISBLANK(INDEX('Product Backlog'!$A$5:$A$504,$J12)),"",INDEX('Product Backlog'!$A$5:$A$504,$J12))) | B12: =IF($J12="","",IF(ISBLANK(INDEX('Product Backlog'!$B$5:$B$504,$J12)),"",INDEX('Product Backlog'!$B$5:$B$504,$J12))) | C12: =IF($J12="","",IF(ISBLANK(INDEX('Product Backlog'!$C$5:$C$504,$J12)),"",INDEX('Product Backlog'!$C$5:$C$504,$J12))) | D12: =IF($J12="","",IF(ISBLANK(INDEX('Product Backlog'!$D$5:$D$504,$J12)),"",INDEX('Product Backlog'!$D$5:$D$504,$J12))) | E12: =IF($J12="","",IF(ISBLANK(INDEX('Product Backlog'!$E$5:$E$504,$J12)),"",INDEX('Product Backlog'!$E$5:$E$504,$J12))) | F12: =IF($J12="","",IF(ISBLANK(INDEX('Product Backlog'!$F$5:$F$504,$J12)),"",INDEX('Product Backlog'!$F$5:$F$504,$J12))) | G12: =IF($J12="","",IF(ISBLANK(INDEX('Product Backlog'!$G$5:$G$504,$J12)),"",INDEX('Product Backlog'!$G$5:$G$504,$J12))) | H12: =IF($J12="","",IF(ISBLANK(INDEX('Product Backlog'!$H$5:$H$504,$J12)),"",INDEX('Product Backlog'!$H$5:$H$504,$J12))) | I12: =IF($J12="","",IF(ISBLANK(INDEX('Product Backlog'!$I$5:$I$504,$J12)),"",INDEX('Product Backlog'!$I$5:$I$504,$J12))) | J12: =IFERROR(MATCH($B$4&"-"&ROWS($A$10:A12),'Product Backlog'!$J$5:$J$504,0),"")
A13: =IF($J13="","",IF(ISBLANK(INDEX('Product Backlog'!$A$5:$A$504,$J13)),"",INDEX('Product Backlog'!$A$5:$A$504,$J13))) | B13: =IF($J13="","",IF(ISBLANK(INDEX('Product Backlog'!$B$5:$B$504,$J13)),"",INDEX('Product Backlog'!$B$5:$B$504,$J13))) | C13: =IF($J13="","",IF(ISBLANK(INDEX('Product Backlog'!$C$5:$C$504,$J13)),"",INDEX('Product Backlog'!$C$5:$C$504,$J13))) | D13: =IF($J13="","",IF(ISBLANK(INDEX('Product Backlog'!$D$5:$D$504,$J13)),"",INDEX('Product Backlog'!$D$5:$D$504,$J13))) | E13: =IF($J13="","",IF(ISBLANK(INDEX('Product Backlog'!$E$5:$E$504,$J13)),"",INDEX('Product Backlog'!$E$5:$E$504,$J13))) | F13: =IF($J13="","",IF(ISBLANK(INDEX('Product Backlog'!$F$5:$F$504,$J13)),"",INDEX('Product Backlog'!$F$5:$F$504,$J13))) | G13: =IF($J13="","",IF(ISBLANK(INDEX('Product Backlog'!$G$5:$G$504,$J13)),"",INDEX('Product Backlog'!$G$5:$G$504,$J13))) | H13: =IF($J13="","",IF(ISBLANK(INDEX('Product Backlog'!$H$5:$H$504,$J13)),"",INDEX('Product Backlog'!$H$5:$H$504,$J13))) | I13: =IF($J13="","",IF(ISBLANK(INDEX('Product Backlog'!$I$5:$I$504,$J13)),"",INDEX('Product Backlog'!$I$5:$I$504,$J13))) | J13: =IFERROR(MATCH($B$4&"-"&ROWS($A$10:A13),'Product Backlog'!$J$5:$J$504,0),"")
A14: =IF($J14="","",IF(ISBLANK(INDEX('Product Backlog'!$A$5:$A$504,$J14)),"",INDEX('Product Backlog'!$A$5:$A$504,$J14))) | B14: =IF($J14="","",IF(ISBLANK(INDEX('Product Backlog'!$B$5:$B$504,$J14)),"",INDEX('Product Backlog'!$B$5:$B$504,$J14))) | C14: =IF($J14="","",IF(ISBLANK(INDEX('Product Backlog'!$C$5:$C$504,$J14)),"",INDEX('Product Backlog'!$C$5:$C$504,$J14))) | D14: =IF($J14="","",IF(ISBLANK(INDEX('Product Backlog'!$D$5:$D$504,$J14)),"",INDEX('Product Backlog'!$D$5:$D$504,$J14))) | E14: =IF($J14="","",IF(ISBLANK(INDEX('Product Backlog'!$E$5:$E$504,$J14)),"",INDEX('Product Backlog'!$E$5:$E$504,$J14))) | F14: =IF($J14="","",IF(ISBLANK(INDEX('Product Backlog'!$F$5:$F$504,$J14)),"",INDEX('Product Backlog'!$F$5:$F$504,$J14))) | G14: =IF($J14="","",IF(ISBLANK(INDEX('Product Backlog'!$G$5:$G$504,$J14)),"",INDEX('Product Backlog'!$G$5:$G$504,$J14))) | H14: =IF($J14="","",IF(ISBLANK(INDEX('Product Backlog'!$H$5:$H$504,$J14)),"",INDEX('Product Backlog'!$H$5:$H$504,$J14))) | I14: =IF($J14="","",IF(ISBLANK(INDEX('Product Backlog'!$I$5:$I$504,$J14)),"",INDEX('Product Backlog'!$I$5:$I$504,$J14))) | J14: =IFERROR(MATCH($B$4&"-"&ROWS($A$10:A14),'Product Backlog'!$J$5:$J$504,0),"")
A15: =IF($J15="","",IF(ISBLANK(INDEX('Product Backlog'!$A$5:$A$504,$J15)),"",INDEX('Product Backlog'!$A$5:$A$504,$J15))) | B15: =IF($J15="","",IF(ISBLANK(INDEX('Product Backlog'!$B$5:$B$504,$J15)),"",INDEX('Product Backlog'!$B$5:$B$504,$J15))) | C15: =IF($J15="","",IF(ISBLANK(INDEX('Product Backlog'!$C$5:$C$504,$J15)),"",INDEX('Product Backlog'!$C$5:$C$504,$J15))) | D15: =IF($J15="","",IF(ISBLANK(INDEX('Product Backlog'!$D$5:$D$504,$J15)),"",INDEX('Product Backlog'!$D$5:$D$504,$J15))) | E15: =IF($J15="","",IF(ISBLANK(INDEX('Product Backlog'!$E$5:$E$504,$J15)),"",INDEX('Product Backlog'!$E$5:$E$504,$J15))) | F15: =IF($J15="","",IF(ISBLANK(INDEX('Product Backlog'!$F$5:$F$504,$J15)),"",INDEX('Product Backlog'!$F$5:$F$504,$J15))) | G15: =IF($J15="","",IF(ISBLANK(INDEX('Product Backlog'!$G$5:$G$504,$J15)),"",INDEX('Product Backlog'!$G$5:$G$504,$J15))) | H15: =IF($J15="","",IF(ISBLANK(INDEX('Product Backlog'!$H$5:$H$504,$J15)),"",INDEX('Product Backlog'!$H$5:$H$504,$J15))) | I15: =IF($J15="","",IF(ISBLANK(INDEX('Product Backlog'!$I$5:$I$504,$J15)),"",INDEX('Product Backlog'!$I$5:$I$504,$J15))) | J15: =IFERROR(MATCH($B$4&"-"&ROWS($A$10:A15),'Product Backlog'!$J$5:$J$504,0),"")
A16: =IF($J16="","",IF(ISBLANK(INDEX('Product Backlog'!$A$5:$A$504,$J16)),"",INDEX('Product Backlog'!$A$5:$A$504,$J16))) | B16: =IF($J16="","",IF(ISBLANK(INDEX('Product Backlog'!$B$5:$B$504,$J16)),"",INDEX('Product Backlog'!$B$5:$B$504,$J16))) | C16: =IF($J16="","",IF(ISBLANK(INDEX('Product Backlog'!$C$5:$C$504,$J16)),"",INDEX('Product Backlog'!$C$5:$C$504,$J16))) | D16: =IF($J16="","",IF(ISBLANK(INDEX('Product Backlog'!$D$5:$D$504,$J16)),"",INDEX('Product Backlog'!$D$5:$D$504,$J16))) | E16: =IF($J16="","",IF(ISBLANK(INDEX('Product Backlog'!$E$5:$E$504,$J16)),"",INDEX('Product Backlog'!$E$5:$E$504,$J16))) | F16: =IF($J16="","",IF(ISBLANK(INDEX('Product Backlog'!$F$5:$F$504,$J16)),"",INDEX('Product Backlog'!$F$5:$F$504,$J16))) | G16: =IF($J16="","",IF(ISBLANK(INDEX('Product Backlog'!$G$5:$G$504,$J16)),"",INDEX('Product Backlog'!$G$5:$G$504,$J16))) | H16: =IF($J16="","",IF(ISBLANK(INDEX('Product Backlog'!$H$5:$H$504,$J16)),"",INDEX('Product Backlog'!$H$5:$H$504,$J16))) | I16: =IF($J16="","",IF(ISBLANK(INDEX('Product Backlog'!$I$5:$I$504,$J16)),"",INDEX('Product Backlog'!$I$5:$I$504,$J16))) | J16: =IFERROR(MATCH($B$4&"-"&ROWS($A$10:A16),'Product Backlog'!$J$5:$J$504,0),"")
A17: =IF($J17="","",IF(ISBLANK(INDEX('Product Backlog'!$A$5:$A$504,$J17)),"",INDEX('Product Backlog'!$A$5:$A$504,$J17))) | B17: =IF($J17="","",IF(ISBLANK(INDEX('Product Backlog'!$B$5:$B$504,$J17)),"",INDEX('Product Backlog'!$B$5:$B$504,$J17))) | C17: =IF($J17="","",IF(ISBLANK(INDEX('Product Backlog'!$C$5:$C$504,$J17)),"",INDEX('Product Backlog'!$C$5:$C$504,$J17))) | D17: =IF($J17="","",IF(ISBLANK(INDEX('Product Backlog'!$D$5:$D$504,$J17)),"",INDEX('Product Backlog'!$D$5:$D$504,$J17))) | E17: =IF($J17="","",IF(ISBLANK(INDEX('Product Backlog'!$E$5:$E$504,$J17)),"",INDEX('Product Backlog'!$E$5:$E$504,$J17))) | F17: =IF($J17="","",IF(ISBLANK(INDEX('Product Backlog'!$F$5:$F$504,$J17)),"",INDEX('Product Backlog'!$F$5:$F$504,$J17))) | G17: =IF($J17="","",IF(ISBLANK(INDEX('Product Backlog'!$G$5:$G$504,$J17)),"",INDEX('Product Backlog'!$G$5:$G$504,$J17))) | H17: =IF($J17="","",IF(ISBLANK(INDEX('Product Backlog'!$H$5:$H$504,$J17)),"",INDEX('Product Backlog'!$H$5:$H$504,$J17))) | I17: =IF($J17="","",IF(ISBLANK(INDEX('Product Backlog'!$I$5:$I$504,$J17)),"",INDEX('Product Backlog'!$I$5:$I$504,$J17))) | J17: =IFERROR(MATCH($B$4&"-"&ROWS($A$10:A17),'Product Backlog'!$J$5:$J$504,0),"")
A18: =IF($J18="","",IF(ISBLANK(INDEX('Product Backlog'!$A$5:$A$504,$J18)),"",INDEX('Product Backlog'!$A$5:$A$504,$J18))) | B18: =IF($J18="","",IF(ISBLANK(INDEX('Product Backlog'!$B$5:$B$504,$J18)),"",INDEX('Product Backlog'!$B$5:$B$504,$J18))) | C18: =IF($J18="","",IF(ISBLANK(INDEX('Product Backlog'!$C$5:$C$504,$J18)),"",INDEX('Product Backlog'!$C$5:$C$504,$J18))) | D18: =IF($J18="","",IF(ISBLANK(INDEX('Product Backlog'!$D$5:$D$504,$J18)),"",INDEX('Product Backlog'!$D$5:$D$504,$J18))) | E18: =IF($J18="","",IF(ISBLANK(INDEX('Product Backlog'!$E$5:$E$504,$J18)),"",INDEX('Product Backlog'!$E$5:$E$504,$J18))) | F18: =IF($J18="","",IF(ISBLANK(INDEX('Product Backlog'!$F$5:$F$504,$J18)),"",INDEX('Product Backlog'!$F$5:$F$504,$J18))) | G18: =IF($J18="","",IF(ISBLANK(INDEX('Product Backlog'!$G$5:$G$504,$J18)),"",INDEX('Product Backlog'!$G$5:$G$504,$J18))) | H18: =IF($J18="","",IF(ISBLANK(INDEX('Product Backlog'!$H$5:$H$504,$J18)),"",INDEX('Product Backlog'!$H$5:$H$504,$J18))) | I18: =IF($J18="","",IF(ISBLANK(INDEX('Product Backlog'!$I$5:$I$504,$J18)),"",INDEX('Product Backlog'!$I$5:$I$504,$J18))) | J18: =IFERROR(MATCH($B$4&"-"&ROWS($A$10:A18),'Product Backlog'!$J$5:$J$504,0),"")
A19: =IF($J19="","",IF(ISBLANK(INDEX('Product Backlog'!$A$5:$A$504,$J19)),"",INDEX('Product Backlog'!$A$5:$A$504,$J19))) | B19: =IF($J19="","",IF(ISBLANK(INDEX('Product Backlog'!$B$5:$B$504,$J19)),"",INDEX('Product Backlog'!$B$5:$B$504,$J19))) | C19: =IF($J19="","",IF(ISBLANK(INDEX('Product Backlog'!$C$5:$C$504,$J19)),"",INDEX('Product Backlog'!$C$5:$C$504,$J19))) | D19: =IF($J19="","",IF(ISBLANK(INDEX('Product Backlog'!$D$5:$D$504,$J19)),"",INDEX('Product Backlog'!$D$5:$D$504,$J19))) | E19: =IF($J19="","",IF(ISBLANK(INDEX('Product Backlog'!$E$5:$E$504,$J19)),"",INDEX('Product Backlog'!$E$5:$E$504,$J19))) | F19: =IF($J19="","",IF(ISBLANK(INDEX('Product Backlog'!$F$5:$F$504,$J19)),"",INDEX('Product Backlog'!$F$5:$F$504,$J19))) | G19: =IF($J19="","",IF(ISBLANK(INDEX('Product Backlog'!$G$5:$G$504,$J19)),"",INDEX('Product Backlog'!$G$5:$G$504,$J19))) | H19: =IF($J19="","",IF(ISBLANK(INDEX('Product Backlog'!$H$5:$H$504,$J19)),"",INDEX('Product Backlog'!$H$5:$H$504,$J19))) | I19: =IF($J19="","",IF(ISBLANK(INDEX('Product Backlog'!$I$5:$I$504,$J19)),"",INDEX('Product Backlog'!$I$5:$I$504,$J19))) | J19: =IFERROR(MATCH($B$4&"-"&ROWS($A$10:A19),'Product Backlog'!$J$5:$J$504,0),"")
A20: =IF($J20="","",IF(ISBLANK(INDEX('Product Backlog'!$A$5:$A$504,$J20)),"",INDEX('Product Backlog'!$A$5:$A$504,$J20))) | B20: =IF($J20="","",IF(ISBLANK(INDEX('Product Backlog'!$B$5:$B$504,$J20)),"",INDEX('Product Backlog'!$B$5:$B$504,$J20))) | C20: =IF($J20="","",IF(ISBLANK(INDEX('Product Backlog'!$C$5:$C$504,$J20)),"",INDEX('Product Backlog'!$C$5:$C$504,$J20))) | D20: =IF($J20="","",IF(ISBLANK(INDEX('Product Backlog'!$D$5:$D$504,$J20)),"",INDEX('Product Backlog'!$D$5:$D$504,$J20))) | E20: =IF($J20="","",IF(ISBLANK(INDEX('Product Backlog'!$E$5:$E$504,$J20)),"",INDEX('Product Backlog'!$E$5:$E$504,$J20))) | F20: =IF($J20="","",IF(ISBLANK(INDEX('Product Backlog'!$F$5:$F$504,$J20)),"",INDEX('Product Backlog'!$F$5:$F$504,$J20))) | G20: =IF($J20="","",IF(ISBLANK(INDEX('Product Backlog'!$G$5:$G$504,$J20)),"",INDEX('Product Backlog'!$G$5:$G$504,$J20))) | H20: =IF($J20="","",IF(ISBLANK(INDEX('Product Backlog'!$H$5:$H$504,$J20)),"",INDEX('Product Backlog'!$H$5:$H$504,$J20))) | I20: =IF($J20="","",IF(ISBLANK(INDEX('Product Backlog'!$I$5:$I$504,$J20)),"",INDEX('Product Backlog'!$I$5:$I$504,$J20))) | J20: =IFERROR(MATCH($B$4&"-"&ROWS($A$10:A20),'Product Backlog'!$J$5:$J$504,0),"")
A21: =IF($J21="","",IF(ISBLANK(INDEX('Product Backlog'!$A$5:$A$504,$J21)),"",INDEX('Product Backlog'!$A$5:$A$504,$J21))) | B21: =IF($J21="","",IF(ISBLANK(INDEX('Product Backlog'!$B$5:$B$504,$J21)),"",INDEX('Product Backlog'!$B$5:$B$504,$J21))) | C21: =IF($J21="","",IF(ISBLANK(INDEX('Product Backlog'!$C$5:$C$504,$J21)),"",INDEX('Product Backlog'!$C$5:$C$504,$J21))) | D21: =IF($J21="","",IF(ISBLANK(INDEX('Product Backlog'!$D$5:$D$504,$J21)),"",INDEX('Product Backlog'!$D$5:$D$504,$J21))) | E21: =IF($J21="","",IF(ISBLANK(INDEX('Product Backlog'!$E$5:$E$504,$J21)),"",INDEX('Product Backlog'!$E$5:$E$504,$J21))) | F21: =IF($J21="","",IF(ISBLANK(INDEX('Product Backlog'!$F$5:$F$504,$J21)),"",INDEX('Product Backlog'!$F$5:$F$504,$J21))) | G21: =IF($J21="","",IF(ISBLANK(INDEX('Product Backlog'!$G$5:$G$504,$J21)),"",INDEX('Product Backlog'!$G$5:$G$504,$J21))) | H21: =IF($J21="","",IF(ISBLANK(INDEX('Product Backlog'!$H$5:$H$504,$J21)),"",INDEX('Product Backlog'!$H$5:$H$504,$J21))) | I21: =IF($J21="","",IF(ISBLANK(INDEX('Product Backlog'!$I$5:$I$504,$J21)),"",INDEX('Product Backlog'!$I$5:$I$504,$J21))) | J21: =IFERROR(MATCH($B$4&"-"&ROWS($A$10:A21),'Product Backlog'!$J$5:$J$504,0),"")
... A109: =IF($J109="","",IF(ISBLANK(INDEX('Product Backlog'!$A$5:$A$504,$J109)),"",INDEX('Product Backlog'!$A$5:$A$504,$J109))) | B109: =IF($J109="","",IF(ISBLANK(INDEX('Product Backlog'!$B$5:$B$504,$J109)),"",INDEX('Product Backlog'!$B$5:$B$504,$J109))) | C109: =IF($J109="","",IF(ISBLANK(INDEX('Product Backlog'!$C$5:$C$504,$J109)),"",INDEX('Product Backlog'!$C$5:$C$504,$J109))) | D109: =IF($J109="","",IF(ISBLANK(INDEX('Product Backlog'!$D$5:$D$504,$J109)),"",INDEX('Product Backlog'!$D$5:$D$504,$J109))) | E109: =IF($J109="","",IF(ISBLANK(INDEX('Product Backlog'!$E$5:$E$504,$J109)),"",INDEX('Product Backlog'!$E$5:$E$504,$J109))) | F109: =IF($J109="","",IF(ISBLANK(INDEX('Product Backlog'!$F$5:$F$504,$J109)),"",INDEX('Product Backlog'!$F$5:$F$504,$J109))) | G109: =IF($J109="","",IF(ISBLANK(INDEX('Product Backlog'!$G$5:$G$504,$J109)),"",INDEX('Product Backlog'!$G$5:$G$504,$J109))) | H109: =IF($J109="","",IF(ISBLANK(INDEX('Product Backlog'!$H$5:$H$504,$J109)),"",INDEX('Product Backlog'!$H$5:$H$504,$J109))) | I109: =IF($J109="","",IF(ISBLANK(INDEX('Product Backlog'!$I$5:$I$504,$J109)),"",INDEX('Product Backlog'!$I$5:$I$504,$J109))) | J109: =IFERROR(MATCH($B$4&"-"&ROWS($A$10:A109),'Product Backlog'!$J$5:$J$504,0),"")
